N.º,op_p,subop_p,id_color,fecha,hora_inicio,hora_fin,id_rrhh,velocidad,cantidad por gancheras,cod_perfil,longitud,cantidad
1,NULL,NULL,1,20190709,073500,084500,9,NULL,NULL,PROFILE-0162,6,8
2,NULL,NULL,1,20190709,083000,093000,9,NULL,NULL,PROFILE-0192,6,33
3,NULL,NULL,1,20190709,100000,110000,9,NULL,NULL,PROFILE-0162,6,10
4,NULL,NULL,1,20190709,131000,141000,9,NULL,NULL,PROFILE-0157,6,20
5,NULL,NULL,1,20190709,140000,160000,9,NULL,NULL,PROFILE-0125,6,60
6,NULL,NULL,1,20190710,132000,152000,9,NULL,NULL,PROFILE-0124,6,69
7,NULL,NULL,1,20190710,153000,163000,9,NULL,NULL,PROFILE-0127,6,3
8,NULL,NULL,1,20190710,153000,163000,9,NULL,NULL,PROFILE-0182,6,10
9,NULL,NULL,1,20190710,153000,163000,9,NULL,NULL,PROFILE-0127,6,2
10,NULL,NULL,1,20190710,153000,163000,9,NULL,NULL,PROFILE-0059,6,1
11,NULL,NULL,1,20190710,160000,170000,9,NULL,NULL,PROFILE-0169,6,14
12,NULL,NULL,1,20190711,092000,102000,9,NULL,NULL,PROFILE-0169,6,17
13,NULL,NULL,1,20190711,093000,103000,9,NULL,NULL,PROFILE-0162,6,26
14,NULL,NULL,1,20190711,093000,113000,9,NULL,NULL,PROFILE-0116,6,10
15,NULL,NULL,4,20190711,093000,172000,9,NULL,NULL,PROFILE-0169,4.5,12
16,NULL,NULL,4,20190711,162000,172000,9,NULL,NULL,PROFILE-0170,4.5,30
17,NULL,NULL,4,20190712,105000,115000,9,NULL,NULL,PROFILE-0170,4.5,8
18,NULL,NULL,1,20190715,140000,150000,9,NULL,NULL,PROFILE-0120,6,21
19,NULL,NULL,1,20190715,144000,154000,9,NULL,NULL,PROFILE-0124,6,40
20,NULL,NULL,2,20190716,105000,115000,9,NULL,NULL,PROFILE-0127,6,14
21,NULL,NULL,2,20190716,133000,143000,9,NULL,NULL,PROFILE-0185,4,12
22,NULL,NULL,2,20190716,140000,150000,9,NULL,NULL,PROFILE-0185,6,28
23,NULL,NULL,2,20190716,133000,143000,9,NULL,NULL,PROFILE-0182,6,6
24,NULL,NULL,1,20190717,112000,122000,9,NULL,NULL,PROFILE-0117,6,36
25,NULL,NULL,1,20190717,150000,170000,9,NULL,NULL,PROFILE-0117,6,342
26,NULL,NULL,1,20190718,104000,114000,9,NULL,NULL,PROFILE-0117,6,84
27,NULL,NULL,1,20190718,110000,120000,9,NULL,NULL,PROFILE-0125,6,6
28,NULL,NULL,1,20190718,132000,142000,9,NULL,NULL,PROFILE-0117,6,85
29,NULL,NULL,1,20190718,133500,143500,9,NULL,NULL,PROFILE-0116,6,26
30,NULL,NULL,1,20190718,134500,144500,9,NULL,NULL,PROFILE-0125,6,13
31,NULL,NULL,1,20190718,142000,155000,9,NULL,NULL,PROFILE-0117,6,141
32,NULL,NULL,1,20190718,151500,161500,9,NULL,NULL,PROFILE-0157,6,51
33,NULL,NULL,1,20190718,153500,163500,9,NULL,NULL,PROFILE-0120,6,4
34,NULL,NULL,1,20190718,155000,165000,9,NULL,NULL,PROFILE-0124,6,8
35,NULL,NULL,1,20190719,102000,112000,9,NULL,NULL,PROFILE-0182,6,3
36,NULL,NULL,2,20190722,112000,122000,9,NULL,NULL,PROFILE-0182,4,67
37,NULL,NULL,1,20190722,160000,170000,9,NULL,NULL,PROFILE-0169,6,40
38,NULL,NULL,1,20190723,093500,103500,9,NULL,NULL,PROFILE-0161,6,48
39,NULL,NULL,1,20190723,104500,110000,9,NULL,NULL,PROFILE-0169,6,24
40,NULL,NULL,1,20190726,110000,114500,9,NULL,NULL,PROFILE-0162,6,84
41,NULL,NULL,2,20190729,130000,133000,9,NULL,NULL,PROFILE-0176,6,28
42,NULL,NULL,2,20190729,014500,143000,9,NULL,NULL,PROFILE-0181,6,32
43,NULL,NULL,2,20190729,144500,152000,9,NULL,NULL,PROFILE-0083,6,24
44,NULL,NULL,2,20190729,033000,155500,9,NULL,NULL,PROFILE-0083,6,4
45,NULL,NULL,2,20190730,160000,163000,9,NULL,NULL,PROFILE-0079,6,60
46,NULL,NULL,2,20190730,064500,072000,9,NULL,NULL,PROFILE-0079,6,2
47,NULL,NULL,2,20190730,073000,080000,9,NULL,NULL,PROFILE-0182,6,2
48,NULL,NULL,2,20190730,083000,080000,9,NULL,NULL,PROFILE-0083,6,2
49,NULL,NULL,2,20190730,110000,120000,9,NULL,NULL,PROFILE-0083,6,6
50,NULL,NULL,2,20190730,110000,120000,9,NULL,NULL,PROFILE-0076,6,24
51,NULL,NULL,2,20190730,110000,120000,9,NULL,NULL,PROFILE-0080,6,24
52,NULL,NULL,2,20190730,110000,120000,9,NULL,NULL,PROFILE-0080,6,26
53,NULL,NULL,2,20190730,110000,120000,9,NULL,NULL,PROFILE-0077,6,30
54,NULL,NULL,2,20190730,110000,120000,9,NULL,NULL,PROFILE-0078,6,26
55,NULL,NULL,2,20190730,110000,120000,9,NULL,NULL,PROFILE-0078,6,24
56,NULL,NULL,2,20190730,110000,120000,9,NULL,NULL,PROFILE-0074,6,15
57,NULL,NULL,2,20190731,110000,120000,9,NULL,NULL,PROFILE-0075,6,30
58,NULL,NULL,2,20190731,110000,120000,9,NULL,NULL,PROFILE-0081,6,60
59,NULL,NULL,1,20190805,NULL,NULL,9,NULL,NULL,PROFILE-0169,6,16
60,NULL,NULL,1,20190805,NULL,NULL,9,NULL,NULL,PROFILE-0117,6,120
61,NULL,NULL,1,20190806,NULL,NULL,9,NULL,NULL,PROFILE-0125,6,3
62,NULL,NULL,1,20190806,NULL,NULL,9,NULL,NULL,PROFILE-0117,6,13
63,NULL,NULL,1,20190806,NULL,NULL,9,NULL,NULL,PROFILE-0075,6,6
64,NULL,NULL,1,20190806,NULL,NULL,9,NULL,NULL,PROFILE-0169,6,28
65,NULL,NULL,1,20190806,NULL,NULL,9,NULL,NULL,PROFILE-0124,6,2
66,NULL,NULL,3,20190806,NULL,NULL,9,NULL,NULL,PROFILE-0025,6,10
67,NULL,NULL,4,20190808,091500,101000,9,NULL,NULL,PROFILE-0081,6,16
68,NULL,NULL,4,20190808,092000,101500,9,NULL,NULL,PROFILE-0077,6,20
69,NULL,NULL,4,20190808,093000,102500,9,NULL,NULL,PROFILE-0083,6,20
70,NULL,NULL,4,20190808,094500,103000,9,NULL,NULL,PROFILE-0080,6,40
71,NULL,NULL,4,20190808,095500,104500,9,NULL,NULL,PROFILE-0079,6,20
72,NULL,NULL,1,20190809,090000,094500,9,NULL,NULL,PROFILE-0083,6,15
73,NULL,NULL,1,20190809,091000,095500,9,NULL,NULL,PROFILE-0082,6,12
74,NULL,NULL,1,20190809,094500,104500,9,NULL,NULL,PROFILE-0083,6,28
75,NULL,NULL,1,20190809,130500,140500,9,NULL,NULL,PROFILE-0076,6,14
76,NULL,NULL,1,20190809,133000,143000,9,NULL,NULL,PROFILE-0079,6,91
77,NULL,NULL,1,20190813,111000,120000,9,NULL,NULL,PROFILE-0117,6,18
78,NULL,NULL,1,20190813,131000,164000,9,NULL,NULL,PROFILE-0117,6,482
79,NULL,NULL,1,20190816,111000,120000,9,NULL,NULL,PROFILE-0082,6,9
80,NULL,NULL,1,20190816,130500,140500,9,NULL,NULL,PROFILE-0082,6,48
81,NULL,NULL,1,20190816,134500,144000,9,NULL,NULL,PROFILE-0075,6,47
82,NULL,NULL,1,20190816,135500,135500,9,NULL,NULL,PROFILE-0083,6,16
83,NULL,NULL,1,20190816,141000,NULL,9,NULL,NULL,PROFILE-0073,1.9,1
84,NULL,NULL,1,20190816,142000,NULL,9,NULL,NULL,PROFILE-0079,6,13
85,NULL,NULL,1,20190816,144500,NULL,9,NULL,NULL,PROFILE-0075,6,17
86,NULL,NULL,1,20190816,145500,NULL,9,NULL,NULL,PROFILE-0159,6,7
87,NULL,NULL,1,20190816,150000,NULL,9,NULL,NULL,PROFILE-0064,6,2
88,NULL,NULL,2,20190820,093300,103000,9,NULL,NULL,PROFILE-0182,3,4
89,NULL,NULL,2,20190820,093300,103000,9,NULL,NULL,PROFILE-0182,5,3
90,NULL,NULL,2,20190820,093300,103000,9,NULL,NULL,PROFILE-0182,4,34
91,NULL,NULL,2,20190820,101000,111000,9,NULL,NULL,PROFILE-0121,5,2
92,NULL,NULL,2,20190820,104500,114500,9,NULL,NULL,PROFILE-0176,6,27
93,NULL,NULL,4,20190821,131000,141000,9,NULL,NULL,PROFILE-0181,6,10
94,NULL,NULL,4,20190821,132000,142000,9,NULL,NULL,PROFILE-0162,6,1
95,NULL,NULL,4,20190821,132100,142200,9,NULL,NULL,PROFILE-0193,6,4
96,NULL,NULL,4,20190821,132200,142300,9,NULL,NULL,PROFILE-0194,6,1
97,NULL,NULL,4,20190821,132300,142400,9,NULL,NULL,PROFILE-0120,6,1
98,NULL,NULL,4,20190821,132400,142500,9,NULL,NULL,PROFILE-0104,6,1
99,NULL,NULL,4,20190821,132500,142600,9,NULL,NULL,PROFILE-0119,6,1
100,NULL,NULL,4,20190823,083000,093000,9,NULL,NULL,PROFILE-0181,6,8
101,NULL,NULL,4,20190823,083200,093200,9,NULL,NULL,PROFILE-0162,6,1
102,NULL,NULL,4,20190823,083300,093400,9,NULL,NULL,PROFILE-0104,6,1
103,NULL,NULL,4,20190823,083500,093500,9,NULL,NULL,PROFILE-0119,6,1
104,NULL,NULL,4,20190823,083700,094000,9,NULL,NULL,PROFILE-0120,6,1
105,NULL,NULL,1,20190823,131000,141000,9,NULL,NULL,PROFILE-0079,6,84
106,NULL,NULL,1,20190823,144500,154500,9,NULL,NULL,PROFILE-0079,6,118
107,NULL,NULL,1,20190823,152500,162000,9,NULL,NULL,PROFILE-0078,6,36
108,NULL,NULL,1,20190823,154000,164000,9,NULL,NULL,PROFILE-0176,6,10
109,NULL,NULL,1,20190826,085000,085000,9,NULL,NULL,PROFILE-0075,6,71
110,NULL,NULL,1,20190826,150500,161000,9,NULL,NULL,PROFILE-0075,6,27
111,NULL,NULL,1,20190827,105500,115000,9,NULL,NULL,PROFILE-0133,6,38
112,NULL,NULL,1,20190827,130500,141000,9,NULL,NULL,PROFILE-0195,6,38
113,NULL,NULL,1,20190827,142000,152000,9,NULL,NULL,PROFILE-0159,6,4
114,NULL,NULL,1,20190827,142500,152600,9,NULL,NULL,PROFILE-0077,6,74
115,NULL,NULL,1,20190827,150000,160000,9,NULL,NULL,PROFILE-0079,6,48
116,NULL,NULL,1,20190827,154500,164500,9,NULL,NULL,PROFILE-0168,6,17
117,NULL,NULL,1,20190828,083000,093200,9,NULL,NULL,PROFILE-0168,6,17
118,NULL,NULL,1,20190828,084500,094600,9,NULL,NULL,PROFILE-0064,6,10
119,NULL,NULL,1,20190828,091500,101700,9,NULL,NULL,PROFILE-0080,6,150
120,NULL,NULL,1,20190828,100500,111000,9,NULL,NULL,PROFILE-0078,6,80
121,NULL,NULL,1,20190828,145000,155000,9,NULL,NULL,PROFILE-0082,6,89
122,NULL,NULL,1,20190828,154500,164000,9,NULL,NULL,PROFILE-0075,6,39
123,NULL,NULL,1,20190829,083000,093500,9,NULL,NULL,PROFILE-0075,6,24
124,NULL,NULL,1,20190829,085200,095200,9,NULL,NULL,PROFILE-0076,6,11
125,NULL,NULL,2,20190829,090000,100500,9,NULL,NULL,PROFILE-0082,6,21
126,NULL,NULL,2,20190829,130800,141000,9,NULL,NULL,PROFILE-0082,6,18
127,NULL,NULL,2,20190829,132000,142500,9,NULL,NULL,PROFILE-0077,6,37
128,NULL,NULL,2,20190829,135000,145000,9,NULL,NULL,PROFILE-0078,6,58
129,NULL,NULL,2,20190829,142500,152500,9,NULL,NULL,PROFILE-0080,6,75
130,NULL,NULL,2,20190829,150500,160500,9,NULL,NULL,PROFILE-0121,6,1
131,NULL,NULL,2,20190829,150700,160600,9,NULL,NULL,PROFILE-0168,6,1
132,NULL,NULL,2,20190829,150900,161000,9,NULL,NULL,PROFILE-0104,6,1
133,NULL,NULL,2,20190829,151000,161200,9,NULL,NULL,PROFILE-0082,6,9
134,NULL,NULL,2,20190829,151600,162500,9,NULL,NULL,PROFILE-0196,6,40
135,NULL,NULL,4,20190830,132500,142000,9,NULL,NULL,PROFILE-0170,4,1
136,NULL,NULL,4,20190830,132700,142500,9,NULL,NULL,PROFILE-0116,6,1
137,NULL,NULL,4,20190830,133000,143000,9,NULL,NULL,PROFILE-0160,6,1
138,NULL,NULL,4,20190830,133000,143500,9,NULL,NULL,PROFILE-0136,6,1
139,NULL,NULL,4,20190830,133500,143800,9,NULL,NULL,PROFILE-0087,3,1
140,NULL,NULL,4,20190830,133700,144000,9,NULL,NULL,PROFILE-0197,5,1
141,NULL,NULL,4,20190830,134000,144200,9,NULL,NULL,PROFILE-0177,5,1
142,NULL,NULL,4,20190830,134200,144400,9,NULL,NULL,PROFILE-0120,5,1
143,NULL,NULL,4,20190830,134400,144600,9,NULL,NULL,PROFILE-0122,4,1
144,NULL,NULL,4,20190830,134600,144800,9,NULL,NULL,PROFILE-0088,6,1
145,NULL,NULL,4,20190830,135000,145000,9,NULL,NULL,PROFILE-0077,6,36
146,NULL,NULL,4,20190830,140000,150000,9,NULL,NULL,PROFILE-0080,6,30
147,NULL,NULL,4,20190830,141200,152000,9,NULL,NULL,PROFILE-0078,6,36
148,NULL,NULL,3,20190903,091000,101200,9,NULL,NULL,PROFILE-0079,6,1
149,NULL,NULL,3,20190903,091100,101200,9,NULL,NULL,PROFILE-0081,6,1
150,NULL,NULL,3,20190903,091200,101200,9,NULL,NULL,PROFILE-0075,6,1
151,NULL,NULL,3,20190903,091300,101200,9,NULL,NULL,PROFILE-0076,6,1
152,NULL,NULL,3,20190903,091500,101500,9,NULL,NULL,PROFILE-0080,6,45
153,NULL,NULL,3,20190903,092500,102700,9,NULL,NULL,PROFILE-0078,6,35
154,NULL,NULL,1,20190903,152000,162000,9,NULL,NULL,PROFILE-0079,6,1
155,NULL,NULL,1,20190903,152100,162400,9,NULL,NULL,PROFILE-0076,6,38
156,NULL,NULL,1,20190903,153600,164000,9,NULL,NULL,PROFILE-0181,6,50
157,NULL,NULL,1,20190904,090000,100500,9,NULL,NULL,PROFILE-0083,6,74
158,NULL,NULL,1,20190904,102000,112800,9,NULL,NULL,PROFILE-0176,6,50
159,NULL,NULL,1,20190905,131000,140900,9,NULL,NULL,PROFILE-0168,6,30
160,NULL,NULL,1,20190905,134000,144200,9,NULL,NULL,PROFILE-0159,6,10
161,NULL,NULL,1,20190905,134500,155000,9,NULL,NULL,PROFILE-0075,6,62
162,NULL,NULL,2,20190906,090000,100500,9,NULL,NULL,PROFILE-0185,4,55
163,NULL,NULL,2,20190906,131000,141000,9,NULL,NULL,PROFILE-0187,5,1
164,NULL,NULL,2,20190906,131200,141200,9,NULL,NULL,PROFILE-0182,5,1
165,NULL,NULL,2,20190906,131300,141400,9,NULL,NULL,PROFILE-0185,2,1
166,NULL,NULL,2,20190906,131500,141500,9,NULL,NULL,PROFILE-0127,3,1
167,NULL,NULL,1,20190911,130500,140300,9,NULL,NULL,PROFILE-0168,6,3
168,NULL,NULL,1,20190911,131000,141000,9,NULL,NULL,PROFILE-0121,6,30
169,NULL,NULL,1,20190911,134500,144700,9,NULL,NULL,PROFILE-0064,6,10
170,NULL,NULL,4,20190912,094500,104600,9,NULL,NULL,PROFILE-0082,6,20
171,NULL,NULL,4,20190912,110000,120000,9,NULL,NULL,PROFILE-0082,6,4
172,NULL,NULL,4,20190913,131500,141500,9,NULL,NULL,PROFILE-0169,5,1
173,NULL,NULL,4,20190913,131600,144500,9,NULL,NULL,PROFILE-0162,5,1
174,NULL,NULL,4,20190913,131700,144500,9,NULL,NULL,PROFILE-0161,5,1
175,NULL,NULL,4,20190913,131900,144500,9,NULL,NULL,PROFILE-0124,5,1
176,NULL,NULL,4,20190913,132000,144500,9,NULL,NULL,PROFILE-0120,5,1
177,NULL,NULL,4,20190913,132100,144500,9,NULL,NULL,PROFILE-0083,5,1
178,NULL,NULL,4,20190913,132200,144500,9,NULL,NULL,PROFILE-0116,5,1
179,NULL,NULL,4,20190913,132300,144500,9,NULL,NULL,PROFILE-0082,5,1
180,NULL,NULL,4,20190913,132400,144500,9,NULL,NULL,PROFILE-0079,5,1
181,NULL,NULL,4,20190913,132500,144500,9,NULL,NULL,PROFILE-0125,5,1
182,NULL,NULL,4,20190913,132700,144500,9,NULL,NULL,PROFILE-0104,5,2
183,NULL,NULL,4,20190913,133000,144500,9,NULL,NULL,PROFILE-0081,5,1
184,NULL,NULL,4,20190916,102000,112500,9,NULL,NULL,PROFILE-0187,6,87
185,NULL,NULL,4,20190916,130500,140700,9,NULL,NULL,PROFILE-0187,6,85
186,NULL,NULL,4,20190916,161000,170000,9,NULL,NULL,PROFILE-0185,4,14
187,NULL,NULL,2,20190917,061500,071000,9,NULL,NULL,PROFILE-0185,4,26
188,NULL,NULL,2,20190917,071000,080000,9,NULL,NULL,PROFILE-0127,6,48
189,NULL,NULL,2,20190917,084000,094000,9,NULL,NULL,PROFILE-0127,6,42
190,NULL,NULL,2,20190917,140000,150000,9,NULL,NULL,PROFILE-0121,5,1
191,NULL,NULL,2,20190917,140100,150100,9,NULL,NULL,PROFILE-0168,5,1
192,NULL,NULL,2,20190917,140200,150200,9,NULL,NULL,PROFILE-0104,5,1
193,NULL,NULL,2,20190917,140300,150300,9,NULL,NULL,PROFILE-0083,5,1
194,NULL,NULL,2,20190917,140400,150400,9,NULL,NULL,PROFILE-0082,5,1
195,NULL,NULL,2,20190917,140500,150500,9,NULL,NULL,PROFILE-0081,5,1
196,NULL,NULL,2,20190917,142000,152000,9,NULL,NULL,PROFILE-0185,4,5
197,NULL,NULL,2,20190917,142500,152500,9,NULL,NULL,PROFILE-0185,5,1
198,NULL,NULL,2,20190917,143000,153000,9,NULL,NULL,PROFILE-0183,6,26
199,NULL,NULL,2,20190918,090000,100000,9,NULL,NULL,PROFILE-0183,6,72
200,NULL,NULL,2,20190918,103000,113000,9,NULL,NULL,PROFILE-0183,6,5
201,NULL,NULL,2,20190918,105000,115000,9,NULL,NULL,PROFILE-0198,6,104
202,NULL,NULL,2,20190919,085000,094800,9,NULL,NULL,PROFILE-0079,6,198
203,NULL,NULL,2,20190920,084500,094500,9,NULL,NULL,PROFILE-0076,6,61
204,NULL,NULL,2,20190920,091500,101500,9,NULL,NULL,PROFILE-0183,6,53
205,NULL,NULL,2,20190920,100000,110000,9,NULL,NULL,PROFILE-0176,6,52
206,NULL,NULL,2,20190920,103800,113800,9,NULL,NULL,PROFILE-0187,6,32
207,NULL,NULL,2,20190920,110000,120000,9,NULL,NULL,PROFILE-0076,6,38
208,NULL,NULL,2,20190923,090000,100000,9,NULL,NULL,PROFILE-0075,6,102
209,NULL,NULL,2,20190923,095500,105500,9,NULL,NULL,PROFILE-0177,6,48
210,NULL,NULL,2,20190923,103500,113700,9,NULL,NULL,PROFILE-0081,6,100
211,NULL,NULL,2,20190923,131000,141000,9,NULL,NULL,PROFILE-0074,6,36
212,NULL,NULL,2,20190923,131700,141800,9,NULL,NULL,PROFILE-0080,6,125
213,NULL,NULL,2,20190923,135600,145600,9,NULL,NULL,PROFILE-0197,6,100
214,NULL,NULL,2,20190923,144500,154500,9,NULL,NULL,PROFILE-0199,6,16
215,NULL,NULL,2,20190923,150000,160000,9,NULL,NULL,PROFILE-0177,6,19
216,NULL,NULL,2,20190923,151000,161000,9,NULL,NULL,PROFILE-0185,3.8,87
217,NULL,NULL,2,20190924,131000,141000,9,NULL,NULL,PROFILE-0185,5,23
218,NULL,NULL,2,20190924,134000,144000,9,NULL,NULL,PROFILE-0187,6,32
219,NULL,NULL,2,20190924,135000,145500,9,NULL,NULL,PROFILE-0185,3.8,27
220,NULL,NULL,2,20190924,141000,151000,9,NULL,NULL,PROFILE-0081,6,3
221,NULL,NULL,2,20190924,141500,151600,9,NULL,NULL,PROFILE-0075,6,5
222,NULL,NULL,2,20190924,142000,152100,9,NULL,NULL,PROFILE-0185,4,47
223,NULL,NULL,2,20190925,103000,113000,9,NULL,NULL,PROFILE-0183,6,72
224,NULL,NULL,2,20190925,131000,141000,9,NULL,NULL,PROFILE-0183,6,52
225,NULL,NULL,2,20190925,133500,143600,9,NULL,NULL,PROFILE-0187,6,17
226,NULL,NULL,2,20190925,134500,144600,9,NULL,NULL,PROFILE-0074,6,14
227,NULL,NULL,2,20190925,135000,145000,9,NULL,NULL,PROFILE-0181,6,84
228,NULL,NULL,2,20190926,131000,141000,9,NULL,NULL,PROFILE-0078,6,142
229,NULL,NULL,2,20190926,135000,145000,9,NULL,NULL,PROFILE-0077,6,111
230,NULL,NULL,2,20190926,143000,153200,9,NULL,NULL,PROFILE-0127,5,8
231,NULL,NULL,2,20190926,143400,153700,9,NULL,NULL,PROFILE-0127,6,14
232,NULL,NULL,2,20190927,082500,092600,9,NULL,NULL,PROFILE-0185,6,18
233,NULL,NULL,2,20190927,083000,093200,9,NULL,NULL,PROFILE-0185,5,18
234,NULL,NULL,2,20190927,091000,101200,9,NULL,NULL,PROFILE-0185,4,1
235,NULL,NULL,2,20190927,104800,114800,9,NULL,NULL,PROFILE-0082,6,31
236,NULL,NULL,2,20190927,110800,120000,9,NULL,NULL,PROFILE-0175,6,8
237,NULL,NULL,2,20190927,151500,161500,9,NULL,NULL,PROFILE-0079,6,129
238,NULL,NULL,11,20190930,094000,104000,9,NULL,NULL,PROFILE-0132,6,70
239,NULL,NULL,1,20190930,131500,141500,9,NULL,NULL,PROFILE-0181,6,28
240,NULL,NULL,1,20190930,133300,143000,9,NULL,NULL,PROFILE-0175,6,19
241,NULL,NULL,1,20190930,135000,145200,9,NULL,NULL,PROFILE-0077,6,304
242,NULL,NULL,1,20190930,152000,162000,9,NULL,NULL,PROFILE-0175,6,44
243,NULL,NULL,1,20190930,155000,165000,9,NULL,NULL,PROFILE-0181,6,14
244,45,7,1,20191001,102500,112000,9,NULL,NULL,PROFILE-0180,6,90
245,45,7,1,20191001,130500,140000,9,NULL,NULL,PROFILE-0180,6,64
246,NULL,NULL,1,20191001,135500,145600,9,NULL,NULL,PROFILE-0079,5,1
247,NULL,NULL,1,20191001,135500,145600,9,NULL,NULL,PROFILE-0076,5,1
248,NULL,NULL,1,20191001,135500,145600,9,NULL,NULL,PROFILE-0075,5,1
249,NULL,NULL,1,20191001,135500,145600,9,NULL,NULL,PROFILE-0081,5,1
250,NULL,NULL,1,20191001,135500,145600,9,NULL,NULL,PROFILE-0082,5,1
251,NULL,NULL,1,20191001,135500,145600,9,NULL,NULL,PROFILE-0074,5,1
252,NULL,NULL,1,20191001,135500,145600,9,NULL,NULL,PROFILE-0078,5,1
253,NULL,NULL,1,20191001,135500,145600,9,NULL,NULL,PROFILE-0175,5,1
254,NULL,NULL,1,20191001,140000,150000,9,NULL,NULL,PROFILE-0181,6,17
255,45,7,1,20191001,141000,151000,9,NULL,NULL,PROFILE-0180,6,96
256,45,2,1,20191001,144800,154800,9,NULL,NULL,PROFILE-0157,6,40
257,45,3,1,20191001,151000,161000,9,NULL,NULL,PROFILE-0169,6,20
258,47,14,1,20191002,131000,141000,9,NULL,NULL,PROFILE-0162,6,47
259,45,4,1,20191002,133500,144000,9,NULL,NULL,PROFILE-0161,6,20
260,45,1,1,20191002,135000,145500,9,NULL,NULL,PROFILE-0116,6,40
261,47,9,1,20191002,155000,164800,9,NULL,NULL,PROFILE-0157,6,1
262,47,6,1,20191002,155100,164800,9,NULL,NULL,PROFILE-0169,5,2
263,NULL,NULL,1,20191002,155200,165000,9,NULL,NULL,PROFILE-0162,6,2
264,47,8,1,20191002,155300,165000,9,NULL,NULL,PROFILE-0116,6,1
265,47,4,1,20191002,155400,165400,9,NULL,NULL,PROFILE-0125,6,1
266,47,3,1,20191002,155500,165500,9,NULL,NULL,PROFILE-0124,6,1
267,47,1,1,20191002,155600,165500,9,NULL,NULL,PROFILE-0064,6,1
268,50,1,1,20191002,160000,170000,9,NULL,NULL,PROFILE-0083,6,28
269,48,8,4,20191004,084500,094500,9,NULL,NULL,PROFILE-0081,6,50
270,48,7,4,20191004,090000,100000,9,NULL,NULL,PROFILE-0074,6,25
271,48,2,4,20191004,091500,104500,9,NULL,NULL,PROFILE-0075,6,50
272,48,1,4,20191004,094000,104000,9,NULL,NULL,PROFILE-0076,6,50
273,48,10,4,20191004,100500,110000,9,NULL,NULL,PROFILE-0200,6,6
274,48,9,4,20191004,101000,111000,9,NULL,NULL,PROFILE-0180,6,26
275,48,6,4,20191004,102000,112000,9,NULL,NULL,PROFILE-0077,6,39
276,48,4,4,20191004,104000,113800,9,NULL,NULL,PROFILE-0080,6,70
277,48,5,4,20191004,130500,140500,9,NULL,NULL,PROFILE-0078,6,78
278,48,3,4,20191004,133000,143000,9,NULL,NULL,PROFILE-0079,6,100
279,49,4,4,20191004,152500,161500,9,NULL,NULL,PROFILE-0083,6,28
280,49,3,4,20191004,152500,162500,9,NULL,NULL,PROFILE-0082,6,30
281,49,1,4,20191004,155000,165000,9,NULL,NULL,PROFILE-0200,6,14
282,50,4,1,20191008,083000,093000,9,NULL,NULL,PROFILE-0171,3.5,8
283,50,2,1,20191008,084500,094500,9,NULL,NULL,PROFILE-0162,6,33
284,NULL,NULL,1,20191008,091000,101000,9,NULL,NULL,PROFILE-0083,6,67
285,NULL,NULL,1,20191008,133000,143200,9,NULL,NULL,PROFILE-0127,6,3
286,47,10,1,20191008,133200,143300,9,NULL,NULL,PROFILE-0104,6,2
287,47,4,1,20191008,133300,133300,9,NULL,NULL,PROFILE-0125,6,1
288,NULL,NULL,1,20191008,133500,133400,9,NULL,NULL,PROFILE-0187,6,3
289,NULL,NULL,1,20191008,133600,133700,9,NULL,NULL,PROFILE-0185,4,4
290,50,1,1,20191009,134000,144000,9,NULL,NULL,PROFILE-0083,6,62
291,52,1,1,20191009,102000,112000,9,NULL,NULL,PROFILE-0181,6,24
292,NULL,NULL,1,20191009,102800,112800,9,NULL,NULL,PROFILE-0175,5,2
293,52,2,1,20191009,103300,113300,9,NULL,NULL,PROFILE-0175,6,11
294,52,4,1,20191009,104500,114500,9,NULL,NULL,PROFILE-0172,6,24
295,52,3,1,20191009,143000,152000,9,NULL,NULL,PROFILE-0083,6,22
296,52,4,1,20191009,150000,160000,9,NULL,NULL,PROFILE-0172,6,28
297,52,4,1,20191010,085000,095000,9,NULL,NULL,PROFILE-0172,6,11
298,53,2,1,20191010,105000,114800,9,NULL,NULL,PROFILE-0162,6,40
299,53,3,1,20191010,131000,141000,9,NULL,NULL,PROFILE-0138,6,24
300,53,5,1,20191010,133000,143000,9,NULL,NULL,PROFILE-0082,6,15
301,53,6,1,20191010,134000,144000,9,NULL,NULL,PROFILE-0201,6,30
302,53,1,1,20191010,143000,153200,9,NULL,NULL,PROFILE-0171,3.5,6
303,53,9,1,20191010,143500,153700,9,NULL,NULL,PROFILE-0161,6,20
304,53,8,1,20191010,145000,155000,9,NULL,NULL,PROFILE-0169,6,20
305,53,7,1,20191010,150000,160500,9,NULL,NULL,PROFILE-0181,6,126
306,54,1,1,20191011,065000,075000,9,NULL,NULL,PROFILE-0134,6,10
307,54,2,1,20191011,065500,075500,9,NULL,NULL,PROFILE-0087,6,10
308,54,3,1,20191011,070000,080000,9,NULL,NULL,PROFILE-0086,6,10
309,52,3,1,20191011,071000,081000,9,NULL,NULL,PROFILE-0083,6,22
310,55,2,1,20191011,094500,104600,9,NULL,NULL,PROFILE-0139,6,18
311,55,1,1,20191011,110000,120000,9,NULL,NULL,PROFILE-0183,6,10
312,56,2,1,20191011,154000,164200,9,NULL,NULL,PROFILE-0185,3.8,9
313,56,3,1,20191011,155500,165500,9,NULL,NULL,PROFILE-0127,3.8,21
314,56,3,2,20191014,131000,141500,9,NULL,NULL,PROFILE-0183,6,126
315,56,3,2,20191015,090000,100500,9,NULL,NULL,PROFILE-0183,6,97
316,56,4,2,20191015,100000,110500,9,NULL,NULL,PROFILE-0127,3.8,15
317,56,2,2,20191015,101500,111500,9,NULL,NULL,PROFILE-0185,3.8,13
318,56,5,2,20191015,131000,141000,9,NULL,NULL,PROFILE-0185,6,6
319,57,1,2,20191015,132000,142000,9,NULL,NULL,PROFILE-0083,6,100
320,59,5,3,20191017,101000,111000,9,NULL,NULL,PROFILE-0021,6,24
321,58,3,3,20191017,102500,112000,9,NULL,NULL,PROFILE-0151,6,10
322,58,2,3,20191017,103000,113000,9,NULL,NULL,PROFILE-0107,6,8
323,58,10,3,20191017,103500,113500,9,NULL,NULL,PROFILE-0051,6,5
324,59,1,3,20191017,104000,114500,9,NULL,NULL,PROFILE-0018,6,10
325,59,2,3,20191017,104500,114500,9,NULL,NULL,PROFILE-0019,6,21
326,59,3,3,20191017,105000,115500,9,NULL,NULL,PROFILE-0020,6,17
327,59,6,3,20191017,110000,120000,9,NULL,NULL,PROFILE-0150,6,3
328,59,9,3,20191017,130000,140000,9,NULL,NULL,PROFILE-0023,6,3
329,59,7,3,20191017,130500,140500,9,NULL,NULL,PROFILE-0022,6,13
330,59,8,3,20191017,131000,141000,9,NULL,NULL,PROFILE-0154,6,3
331,59,10,3,20191017,131500,142000,9,NULL,NULL,PROFILE-0032,6,6
332,59,11,3,20191017,132000,142500,9,NULL,NULL,PROFILE-0033,6,4
333,59,12,3,20191017,132500,142500,9,NULL,NULL,PROFILE-0036,6,4
334,60,12,3,20191018,082000,092000,9,NULL,NULL,PROFILE-0181,6,42
335,60,1,3,20191018,090000,100000,9,NULL,NULL,PROFILE-0076,6,71
336,61,1,3,20191018,100000,110000,9,NULL,NULL,PROFILE-0015,6,80
337,61,2,3,20191018,130500,140000,9,NULL,NULL,PROFILE-0071,6,10
338,61,3,3,20191018,131000,141000,9,NULL,NULL,PROFILE-0107,6,21
339,61,4,3,20191018,131500,141500,9,NULL,NULL,PROFILE-0110,6,22
340,61,5,3,20191018,132000,142000,9,NULL,NULL,PROFILE-0111,6,60
341,61,6,3,20191018,135000,145000,9,NULL,NULL,PROFILE-0057,6,3
342,61,8,3,20191018,140000,150000,9,NULL,NULL,PROFILE-0151,6,8
343,61,7,3,20191018,140500,150500,9,NULL,NULL,PROFILE-0034,6,4
344,58,3,3,20191018,141000,151000,9,NULL,NULL,PROFILE-0155,6,3
345,56,3,2,20191019,142500,152500,9,NULL,NULL,PROFILE-0183,6,117
346,62,1,2,20191022,090000,100000,9,1.5,9,PROFILE-0183,6,119
347,60,3,3,20191022,130500,140000,9,1.5,18,PROFILE-0079,6,63
348,60,12,3,20191022,134000,144000,9,1.5,8,PROFILE-0181,6,8
349,60,4,3,20191022,144500,154500,9,1.5,9,PROFILE-0083,6,50
350,60,9,3,20191022,152500,142500,9,1.5,18,PROFILE-0081,6,50
351,68,3,3,20191023,065000,075000,9,1.5,16,PROFILE-0074,6,25
352,60,3,3,20191023,070000,080000,9,1.5,16,PROFILE-0079,6,37
353,60,10,3,20191023,071000,081000,9,1.5,8,PROFILE-0180,6,40
354,60,7,3,20191023,072500,083000,9,1.5,16,PROFILE-0077,6,75
355,60,6,3,20191023,080000,090500,9,1.5,18,PROFILE-0078,6,65
356,60,11,3,20191023,081800,092500,9,1.2,7,PROFILE-0196,6,45
357,64,1,3,20191023,082900,093500,9,1.5,8,PROFILE-0035,6,8
358,64,2,3,20191023,083500,094500,9,1.5,8,PROFILE-0061,6,4
359,64,3,3,20191023,084000,095000,9,1.5,4,PROFILE-0062,6,4
360,60,6,3,20191024,094500,104500,9,1.5,NULL,PROFILE-0080,6,55
361,60,2,3,20191023,100000,110000,9,1.5,NULL,PROFILE-0075,6,71
362,63,1,1,20191028,101000,141000,9,15,NULL,PROFILE-0104,6,24
363,63,2,1,20191029,132000,142000,9,1.2,NULL,PROFILE-0177,6,50
364,65,1,1,20191030,134500,144500,9,1.5,NULL,PROFILE-0138,6,23
365,65,2,1,20191031,140000,150000,9,1.5,NULL,PROFILE-0139,6,18
366,66,1,11,20191025,100000,110000,9,1.5,NULL,PROFILE-0133,6,40
367,67,1,2,20191028,090000,100500,9,1.5,9,PROFILE-0183,6,240
368,67,1,2,20191029,084000,094000,9,1.5,9,PROFILE-0183,6,121
369,67,1,2,20191029,134000,144000,9,1.5,9,PROFILE-0183,6,71
370,68,3,2,20191029,150000,160000,9,1.5,8,PROFILE-0030,6,82
371,68,2,2,20191029,155000,163000,9,1.5,8,PROFILE-0031,6,8
372,68,2,2,20191030,090000,100000,9,1.5,8,PROFILE-0031,6,20
373,68,1,2,20191030,094000,104500,9,1.5,8,PROFILE-0040,6,22
374,69,1,3,20191030,150000,160000,9,1.5,3,PROFILE-0076,6,3
375,69,2,3,20191030,150500,160500,9,1.5,8,PROFILE-0083,6,8
376,69,3,3,20191030,151000,161000,9,1.5,18,PROFILE-0077,6,64
377,69,4,3,20191030,153000,163000,9,1.5,9,PROFILE-0180,6,50
378,70,1,5,20191031,110000,115000,9,1.5,18,PROFILE-0081,6,53
379,70,2,5,20191031,131000,135500,9,1.3,8,PROFILE-0180,6,52
380,70,3,5,20191031,140000,145000,9,1.2,7,PROFILE-0175,6,21
381,71,4,1,20191031,090000,095000,9,1.4,5,PROFILE-0090,6,5
382,71,5,1,20191031,090500,095500,9,1.4,5,PROFILE-0088,6,5
383,71,2,1,20191031,091000,100000,9,1.4,8,PROFILE-0086,6,10
384,71,3,1,20191031,091500,100500,9,1.4,8,PROFILE-0087,6,10
385,71,6,1,20191031,092000,101000,9,1.4,8,PROFILE-0089,6,5
386,71,1,1,20191031,092500,102000,9,1.4,4,PROFILE-0134,6,10
387,72,2,1,20191101,104500,113000,9,1.5,16,PROFILE-0079,6,203
388,72,5,1,20191101,105000,113500,9,1.6,18,PROFILE-0081,6,65
389,72,4,1,20191101,110000,114000,9,1.3,8,PROFILE-0181,6,106
390,72,1,1,20191104,090000,094500,9,1.5,16,PROFILE-0077,6,180
391,72,6,1,20191104,140000,145000,9,1.3,8,PROFILE-0180,6,50
392,73,7,4,20191104,150000,154500,9,1.3,8,PROFILE-0180,6,24
393,73,6,4,20191105,094500,010000,9,1.6,16,PROFILE-0080,6,100
394,73,8,4,20191105,100000,110000,9,1.2,7,PROFILE-0175,6,53
395,73,5,4,20191105,110000,115000,9,1.4,9,PROFILE-0083,6,12
396,73,9,4,20191105,131500,135000,9,1.3,9,PROFILE-0181,6,50
397,73,3,4,20191105,132000,140000,9,1.6,16,PROFILE-0078,6,22
398,73,1,4,20191105,132000,140000,9,1.3,8,PROFILE-0148,6,9
399,73,2,4,20191105,132000,140000,9,1.4,8,PROFILE-0105,6,9
400,NULL,NULL,1,20191106,143000,170000,9,1.2,68,PROFILE-0175,6,63
401,NULL,NULL,1,20191106,103000,112000,9,1.6,18,PROFILE-0081,6,65
402,NULL,NULL,1,20191106,103000,112500,9,1.2,8,PROFILE-0082,6,12
403,NULL,NULL,3,20191106,160900,170500,9,1.4,9,PROFILE-0160,6,3
404,NULL,NULL,3,20191106,161000,170500,9,1.4,9,PROFILE-0161,6,3
405,NULL,NULL,3,20191106,161200,170500,9,1.4,16,PROFILE-0164,6,2
406,NULL,NULL,3,20191106,161200,170500,9,1.4,16,PROFILE-0119,6,9
407,NULL,NULL,3,20191106,161300,170500,9,1.4,9,PROFILE-0164,6,2
408,NULL,NULL,3,20191106,161500,170500,9,1.4,9,PROFILE-0162,6,3
409,NULL,NULL,3,20191106,161900,170500,9,1.4,8,PROFILE-0118,6,2
410,NULL,NULL,3,20191106,162000,170500,9,1.4,9,PROFILE-0159,6,3
411,NULL,NULL,3,20191106,162000,170000,9,1.4,4,PROFILE-0171,6,2
412,NULL,NULL,3,20191106,102000,170500,9,1.4,4,PROFILE-0172,6,3
413,75,1,3,20191107,090000,094000,9,1.4,4,PROFILE-0202,6,2
414,75,14,3,20191107,090500,095000,9,1.4,4,PROFILE-0203,6,2
415,75,16,3,20191107,100000,103500,9,1.4,4,PROFILE-0204,6,8
416,75,17,3,20191107,100500,104000,9,1.4,4,PROFILE-0205,6,1
417,75,18,3,20191107,101000,110000,9,1.4,4,PROFILE-0104,6,5
418,77,6,2,20191108,131000,014000,9,1.3,8,PROFILE-0181,6,16
419,77,7,2,20191108,131000,014000,9,1.3,8,PROFILE-0181,6,110
420,77,8,2,20191111,084500,094500,9,1.3,5,PROFILE-0058,6,44
421,77,9,2,20191111,142500,152500,9,1.3,4,PROFILE-0060,6,4
422,77,5,2,20191111,143500,154000,9,1.5,18,PROFILE-0077,6,19
423,77,3,2,20191111,144800,154800,9,1.5,18,PROFILE-0078,6,58
424,77,4,2,20191111,152500,162500,9,1.5,18,PROFILE-0080,6,34
425,77,1,2,20191111,153000,163200,9,1.5,7,PROFILE-0177,6,33
426,77,8,2,20191112,140000,150000,9,1.5,18,PROFILE-0074,6,15
427,76,2,1,20191112,101000,111000,9,1.5,16,PROFILE-0123,6,22
428,76,4,1,20191112,103000,113000,9,1.4,7,PROFILE-0064,6,20
429,76,5,1,20191112,104500,114500,9,1.4,77,PROFILE-0164,6,12
430,76,3,1,20191112,110000,120000,9,1.4,7,PROFILE-0159,6,10
431,76,1,1,20191112,131000,141000,9,1.3,9,PROFILE-0201,6,32
432,79,2,3,20191113,131000,141000,9,1.5,2,PROFILE-0157,6,2
433,79,1,3,20191113,131500,141500,9,1.5,1,PROFILE-0116,6,1
434,79,4,3,20191113,132000,142000,9,1.5,18,PROFILE-0077,6,128
435,79,5,3,20191113,150000,160000,9,1.5,9,PROFILE-0206,6,45
436,79,2,3,20191114,082000,092000,9,1.5,2,PROFILE-0157,6,2
437,79,1,3,20191114,082500,092500,9,1.5,1,PROFILE-0116,6,1
438,79,5,3,20191114,082700,092700,9,1.5,9,PROFILE-0180,6,55
439,NULL,NULL,3,20191114,090000,100000,9,1.5,1,PROFILE-0055,6,2
440,NULL,NULL,3,20191114,090000,100000,9,1.5,1,PROFILE-0056,6,1
441,NULL,NULL,3,20191114,090000,100000,9,1.5,1,PROFILE-0061,6,1
442,NULL,NULL,3,20191114,090000,100000,9,1.5,1,PROFILE-0207,6,1
443,80,2,2,20191114,153000,163000,9,1.5,8,PROFILE-0075,6,13
444,80,12,2,20191114,153500,163500,9,1.5,9,PROFILE-0181,6,42
445,80,9,2,20191114,155000,165000,9,1.5,9,PROFILE-0180,6,7
446,80,10,2,20191115,083000,093500,9,1.5,9,PROFILE-0206,6,83
447,80,8,2,20191115,104000,114000,9,1.5,18,PROFILE-0081,6,90
448,80,6,2,20191115,131500,141500,9,1.5,16,PROFILE-0077,6,69
449,80,4,2,20191115,135000,145000,9,1.5,18,PROFILE-0080,6,24
450,80,5,2,20191115,140000,150000,9,1.5,18,PROFILE-0078,6,78
451,80,1,2,20191115,142500,152500,9,1.5,9,PROFILE-0076,6,66
452,80,7,2,20191118,090000,093500,9,1.5,18,PROFILE-0074,6,144
453,81,1,1,20191118,090500,094000,9,1.5,18,PROFILE-0074,6,26
454,81,2,1,20191118,091000,094500,9,1.3,8,PROFILE-0121,6,22
455,81,3,1,20191118,091500,095000,9,1.3,8,PROFILE-0168,6,22
456,81,6,1,20191118,092000,095500,9,1.3,8,PROFILE-0064,6,20
457,NULL,NULL,1,20191119,084000,094000,9,1.5,9,PROFILE-0074,6,25
458,76,5,1,20191119,090000,100000,9,1.5,1,PROFILE-0164,6,1
459,74,2,1,20191119,133000,143000,9,1.2,7,PROFILE-0196,6,62
460,NULL,NULL,11,20191120,100000,110000,9,1.5,5,PROFILE-0133,6,16
461,82,2,4,20191121,131000,141000,9,1.5,8,PROFILE-0075,6,55
462,82,1,4,20191121,133000,143000,9,1.5,8,PROFILE-0076,6,55
463,82,3,4,20191121,140000,150000,9,1.5,5,PROFILE-0079,6,5
464,82,4,4,20191121,140500,150500,9,1.5,4,PROFILE-0080,6,4
465,82,8,4,20191121,141000,141500,9,1.4,9,PROFILE-0206,6,50
466,82,13,4,20191121,143000,153000,9,1.5,2,PROFILE-0208,6,2
467,82,11,4,20191121,144000,154500,9,1.5,1,PROFILE-0209,4.5,1
468,82,10,4,20191121,144500,155000,9,1.5,5,PROFILE-0209,6,5
469,82,12,4,20191121,150000,160500,9,1.5,12,PROFILE-0210,6,12
470,82,9,4,20191122,084500,094500,9,1.4,8,PROFILE-0181,6,50
471,82,7,4,20191122,090000,100000,9,1.5,18,PROFILE-0081,6,55
472,82,6,4,20191122,091500,102000,9,1.5,16,PROFILE-0074,6,86
473,82,5,4,20191122,093000,103500,9,1.5,16,PROFILE-0077,6,50
474,83,2,3,20191122,143000,153000,9,1.5,8,PROFILE-0075,6,40
475,83,1,3,20191122,144500,154500,9,1.4,9,PROFILE-0076,6,26
476,83,7,3,20191122,150000,160000,9,1.4,8,PROFILE-0181,6,50
477,82,7,3,20191122,154000,164000,9,1.5,18,PROFILE-0081,6,37
478,83,4,3,20191125,090000,100000,9,1.5,16,PROFILE-0081,6,13
479,83,3,3,20191125,091000,101000,9,1.5,16,PROFILE-0074,6,75
480,84,2,1,20191126,131000,141000,9,1.4,8,PROFILE-0086,6,30
481,84,1,1,20191126,134000,144500,9,1.4,4,PROFILE-0134,6,30
482,84,4,1,20191126,141000,151000,9,1.4,16,PROFILE-0081,6,30
483,84,3,1,20191126,150000,160000,9,1.4,8,PROFILE-0087,6,38
484,85,1,1,20191127,083000,093000,9,1.4,4,PROFILE-0134,6,29
485,85,3,1,20191127,092000,102000,9,1.4,8,PROFILE-0087,6,26
486,85,2,1,20191127,094500,104500,9,1.4,8,PROFILE-0086,6,48
487,NULL,NULL,1,20191127,102000,112000,9,1.4,8,PROFILE-0076,4,22
488,NULL,NULL,1,20191127,132000,142000,9,1.4,1,PROFILE-0076,3,1
489,NULL,NULL,1,20191127,132300,142300,9,1.4,1,PROFILE-0076,5,1
490,NULL,NULL,1,20191127,132500,142500,9,1.4,1,PROFILE-0076,4,1
491,NULL,NULL,1,20191127,132700,142700,9,1.4,2,PROFILE-0181,3,2
492,NULL,NULL,1,20191127,132800,142800,9,1.4,8,PROFILE-0181,4,37
493,NULL,NULL,1,20191127,134000,144000,9,1.4,1,PROFILE-0181,5,1
494,NULL,NULL,1,20191127,134100,144100,9,1.4,8,PROFILE-0175,3,8
495,NULL,NULL,1,20191127,134500,144500,9,1.4,1,PROFILE-0175,4,1
496,NULL,NULL,1,20191127,140000,150000,9,1.4,1,PROFILE-0175,4.5,1
497,NULL,NULL,1,20191127,140500,150500,9,1.4,2,PROFILE-0175,5,2
498,NULL,NULL,1,20191127,141000,151000,9,1.4,6,PROFILE-0201,5,6
499,NULL,NULL,1,20191127,141500,151500,9,1.4,1,PROFILE-0201,6,1
500,NULL,NULL,1,20191127,142000,152000,9,1.4,1,PROFILE-0169,4,1
501,NULL,NULL,1,20191127,142500,152500,9,1.4,2,PROFILE-0170,5,2
502,NULL,NULL,1,20191127,143000,153000,9,1.4,1,PROFILE-0211,4,1
503,86,3,1,20191127,152000,162000,9,1.5,16,PROFILE-0080,6,150
504,86,2,1,20191127,155500,165500,9,1.5,9,PROFILE-0075,6,45
505,86,2,1,20191128,090000,100000,9,1.5,8,PROFILE-0075,6,11
506,86,1,1,20191128,090500,100500,9,1.5,9,PROFILE-0076,6,41
507,86,4,1,20191128,094500,104500,9,1.5,16,PROFILE-0077,6,13
508,86,5,1,20191128,100000,110000,9,15,16,PROFILE-0074,6,91
509,NULL,NULL,11,20191128,150000,160000,9,1.3,4,NULL,NULL,4
510,NULL,NULL,1,20191129,094000,104000,9,1.4,1,PROFILE-0125,5,1
511,NULL,NULL,1,20191129,094200,104200,9,1.4,1,PROFILE-0127,5,1
512,NULL,NULL,1,20191129,094500,104500,9,1.4,2,PROFILE-0170,5,2
513,NULL,NULL,1,20191129,095000,105000,9,1.5,16,PROFILE-0117,5,34
514,NULL,NULL,1,20191129,100000,110000,9,1.4,3,PROFILE-0125,4,3
515,NULL,NULL,1,20191129,100500,110500,9,1.4,1,PROFILE-0165,6,1
516,NULL,NULL,1,20191129,101000,111000,9,1.4,1.4,PROFILE-0165,5,2
517,87,1,2,20191129,140000,150000,9,1.4,6,PROFILE-0183,6,6
518,89,1,2,20191129,160000,170000,9,1.5,2,PROFILE-0111,0.6,2
519,88,8,2,20191202,082000,092000,9,1.6,16,PROFILE-0081,6,60
520,88,9,2,20191202,084500,094500,9,1.5,9,PROFILE-0212,6,30
521,88,4,2,20191202,090500,100500,9,1.5,16,PROFILE-0080,6,300
522,88,5,2,20191202,104000,114000,9,1.5,16,PROFILE-0078,6,205
523,88,7,2,20191202,131000,141000,9,1.5,16,PROFILE-0074,6,65
524,88,6,2,20191202,134600,144600,9,1.5,16,PROFILE-0077,6,66
525,88,10,2,20191202,140000,150500,9,1.5,16,PROFILE-0126,6,20
526,88,NULL,1,20191202,142000,152000,9,1.5,9,PROFILE-0075,6,80
527,88,NULL,1,20191202,151000,161500,9,1.5,16,PROFILE-0079,6,46
528,89,NULL,1,20191203,095500,105500,9,1.5,9,PROFILE-0159,6,11
529,NULL,NULL,1,20191203,100000,110000,9,1.5,9,PROFILE-0079,5,9
530,NULL,NULL,1,20191203,101000,111000,9,1.5,3,PROFILE-0079,4,3
531,NULL,NULL,1,20191203,101500,111500,9,1.5,7,PROFILE-0157,5,7
532,NULL,NULL,1,20191203,101700,111800,9,1.5,9,PROFILE-0162,5,9
533,NULL,NULL,1,20191203,101700,112000,9,1.5,1,PROFILE-0187,5,1
534,NULL,NULL,1,20191203,102000,112100,9,1.5,6,PROFILE-0175,5,6
535,NULL,NULL,1,20191203,102300,112300,9,1.5,1,PROFILE-0161,5,1
536,NULL,NULL,1,20191203,102700,112700,9,1.5,2,PROFILE-0167,5,2
537,NULL,NULL,1,20191203,103200,113200,9,1.5,9,PROFILE-0083,5,15
538,NULL,NULL,1,20191203,104000,114000,9,1.5,6,PROFILE-0127,5,6
539,NULL,NULL,1,20191203,105000,115000,9,1.5,2,PROFILE-0077,5,2
540,NULL,NULL,1,20191203,110000,120000,9,1.5,7,PROFILE-0076,5,7
541,NULL,NULL,1,20191203,130500,140500,9,1.5,1,PROFILE-0160,5,1
542,NULL,NULL,1,20191203,131000,141000,9,1.5,2,PROFILE-0116,5,2
543,NULL,NULL,1,20191203,131200,141200,9,1.5,2,PROFILE-0075,5,2
544,NULL,NULL,1,20191203,131500,141500,9,1.5,16,PROFILE-0117,6,36
545,NULL,NULL,1,20191203,132500,142500,9,1.5,16,PROFILE-0117,5,25
546,NULL,NULL,1,20191203,133500,143500,9,1.5,5,PROFILE-0125,5,5
547,NULL,NULL,1,20191203,134000,144000,9,1.5,2,PROFILE-0120,5,2
548,NULL,NULL,1,20191203,134200,144200,9,1.5,2,PROFILE-0124,4,2
549,NULL,NULL,1,20191203,134500,144500,9,1.5,16,PROFILE-0117,4,21
550,NULL,NULL,1,20191203,135500,145500,9,1.5,11,PROFILE-0126,5,11
551,NULL,NULL,1,20191203,141000,151000,9,1.5,7,PROFILE-0126,4,7
552,NULL,NULL,1,20191203,141500,151500,9,1.5,2,PROFILE-0125,4,2
553,NULL,NULL,1,20191203,142000,152000,9,1.5,16,PROFILE-0081,5,36
554,NULL,NULL,1,20191203,143000,153000,9,1.5,16,PROFILE-0123,5,19
555,NULL,NULL,1,20191203,144500,154500,9,1.5,9,PROFILE-0181,5,20
556,NULL,NULL,1,20191203,150000,160000,9,1.5,9,PROFILE-0076,4,1
557,NULL,1,1,20191204,111000,120000,9,1.3,8,PROFILE-0213,6,16
558,NULL,5,1,20191204,130000,140000,9,1.3,8,PROFILE-0213,6,28
559,NULL,2,1,20191204,133500,143500,9,1.3,8,PROFILE-0175,6,8
560,NULL,3,1,20191204,134000,144500,9,1.5,9,PROFILE-0082,6,36
561,NULL,4,1,20191204,134000,144500,9,1.5,9,PROFILE-0082,6,50
562,93,12,1,20191205,082500,092500,9,1.5,3,PROFILE-0123,6,3
563,93,13,1,20191205,083000,093000,9,1.3,4,PROFILE-0175,6,4
564,93,1,1,20191205,083500,093500,9,1.3,4,PROFILE-0120,6,45
565,92,6,3,20191205,152000,162000,9,1.5,NULL,PROFILE-0005,6,1
566,92,6,3,20191205,152000,162000,9,1.5,NULL,PROFILE-0007,6,1
567,92,6,3,20191205,152000,162000,9,1.5,NULL,PROFILE-0010,6,3
568,92,6,3,20191205,152000,162000,9,1.5,NULL,PROFILE-0002,6,3
569,92,2,3,20191205,153500,163500,9,1.3,7,PROFILE-0200,6,11
570,92,4,3,20191205,153500,153500,9,1.3,7,PROFILE-0200,6,38
571,NULL,NULL,3,20191206,082000,092000,9,1.3,1,PROFILE-0039,6,1
572,92,3,3,20191206,082500,092500,9,1.3,6,PROFILE-0175,6,6
573,92,2,3,20191206,083000,093000,9,1.3,7,PROFILE-0200,6,11
574,92,4,3,20191206,083000,093000,9,1.3,7,PROFILE-0200,6,13
575,92,1,3,20191206,090000,100000,9,1.4,9,PROFILE-0082,6,50
576,92,5,3,20191206,090000,100000,9,1.4,9,PROFILE-0082,6,23
577,94,2,4,20191206,113000,123000,9,1.3,7,PROFILE-0213,6,36
578,94,3,4,20191206,120000,130000,9,1.3,3,PROFILE-0054,6,3
579,94,4,4,20191206,120000,130000,9,1.3,3,PROFILE-0053,6,3
580,94,5,4,20191206,120000,130000,9,1.3,3,PROFILE-0013,6,1
581,94,6,4,20191206,120000,130000,9,1.3,1,PROFILE-0052,6,3
582,NULL,NULL,12,20191206,153000,163000,9,1.3,4,PROFILE-0065,6,18
583,95,2,12,20191209,070000,080000,9,1.3,4,PROFILE-0068,6,6
584,95,3,12,20191209,070500,080000,9,1.3,9,PROFILE-0182,6,9
585,93,3,1,20191209,091000,101000,9,1.3,4,PROFILE-0124,6,80
586,93,3,1,20191209,130500,140500,9,1.3,4,PROFILE-0124,6,78
587,93,2,1,20191209,160000,170000,9,1.3,4,PROFILE-0125,6,12
588,NULL,NULL,1,20191210,084500,094500,9,1.4,2,PROFILE-0041,6,2
589,NULL,NULL,1,20191210,084500,094500,9,1.4,1,PROFILE-0158,6,1
590,93,2,1,20191210,095000,105000,9,1.2,4,PROFILE-0125,6,75
591,93,5,1,20191210,140000,150000,9,1.2,8,PROFILE-0157,6,35
592,93,11,1,20191210,143500,153500,9,1.4,11,PROFILE-0168,6,11
593,93,10,1,20191210,144500,154500,9,1.4,11,PROFILE-0122,6,11
594,93,4,1,20191210,150000,160000,9,1.4,16,PROFILE-0116,6,32
595,93,2,1,20191211,082000,092000,9,1.3,4,PROFILE-0125,6,4
596,93,4,1,20191211,082500,092500,9,1.5,16,PROFILE-0116,6,33
597,NULL,NULL,1,20191211,091000,101000,9,1.5,16,PROFILE-0104,6,31
598,93,5,1,20191211,101000,111000,9,1.5,8,PROFILE-0157,6,54
599,93,9,1,20191211,130500,140500,9,1.5,16,PROFILE-0117,6,425
600,93,8,1,20191212,090000,100000,9,1.4,9,PROFILE-0161,6,31
601,93,7,1,20191212,092000,102000,9,1.3,7,PROFILE-0169,6,36
602,93,6,1,20191212,104000,114000,9,1.4,9,PROFILE-0162,6,32
603,97,1,3,20191212,143500,153500,9,1.4,4,PROFILE-0002,6,4
604,97,2,3,20191212,144000,154000,9,1.4,4,PROFILE-0010,6,4
605,97,3,3,20191212,144500,154500,9,1.4,9,PROFILE-0083,6,42
606,96,1,1,20191113,092000,102000,9,1.3,8,PROFILE-0180,6,50
607,93,6,1,20191213,100000,110000,9,1.3,8,PROFILE-0162,6,103
608,96,2,1,20191213,132000,142000,9,1.3,9,PROFILE-0083,6,12
609,96,3,1,20191213,132000,142000,9,1.3,9,PROFILE-0083,6,69
610,98,1,1,20191216,084500,094500,9,1.3,6,PROFILE-0124,6,72
611,98,3,1,20191216,110000,120000,9,1.3,7,PROFILE-0169,6,62
612,98,1,1,20191216,140000,150000,9,1.3,6,PROFILE-0124,6,23
613,NULL,NULL,3,20191217,084500,094500,9,1.5,2,PROFILE-0169,3,2
614,NULL,NULL,3,20191217,084500,094500,9,1.5,2,PROFILE-0200,3,2
615,98,3,1,20191217,100000,110000,9,1.3,7,PROFILE-0169,6,42
616,100,1,1,20191217,144000,154000,9,1.3,4,PROFILE-0125,6,27
617,93,4,1,20191217,150000,160000,9,1.5,16,PROFILE-0116,6,52
618,99,1,1,20191217,152000,162000,9,1.3,2,PROFILE-0165,6,2
619,99,2,1,20191217,152100,162100,9,1.3,2,PROFILE-0171,6,2
620,NULL,NULL,3,20191218,084000,094000,9,1.3,8,PROFILE-0177,5,9
621,NULL,NULL,3,20191218,084200,094200,9,1.3,1,PROFILE-0177,4,1
622,NULL,NULL,3,20191218,084400,094400,9,1.3,3,PROFILE-0177,4,3
623,NULL,NULL,3,20191218,084600,094600,9,1.3,5,PROFILE-0212,5,5
624,NULL,NULL,3,20191218,084800,094800,9,1.5,5,PROFILE-0076,5,5
625,NULL,NULL,3,20191218,085000,095000,9,1.5,5,PROFILE-0078,5,5
626,NULL,NULL,3,20191218,085200,095200,9,1.5,3,PROFILE-0078,4,3
627,NULL,NULL,3,20191218,085400,095400,9,1.5,7,PROFILE-0076,5,7
628,NULL,NULL,3,20191218,085600,095600,9,1.5,4,PROFILE-0082,5,4
629,101,2,1,20191218,102000,112000,9,1.5,7,PROFILE-0175,6,54
630,101,1,1,20191218,130500,140500,9,1.5,16,PROFILE-0117,6,354
631,101,1,1,20191219,090000,100000,9,1.5,16,PROFILE-0117,6,218
632,102,3,1,20191219,110000,120000,9,1.3,1,PROFILE-0171,6,1
633,101,2,1,20191219,130800,140800,9,1.3,6,PROFILE-0175,6,6
634,101,3,1,20191219,131200,141200,9,1.3,7,PROFILE-0214,6,52
635,101,3,1,20191219,133000,143000,9,1.5,16,PROFILE-0117,6,224
636,102,1,1,20191219,155000,165000,9,1.3,7,PROFILE-0175,6,13
637,102,1,1,20191220,082000,092000,9,1.2,6,PROFILE-0175,6,199
638,102,2,1,20191220,130500,140500,9,1.2,6,PROFILE-0175,6,25
639,103,1,11,20191220,153500,163500,9,1.4,16,PROFILE-0133,5,25
640,103,1,11,20191223,090000,100000,9,1.4,8,PROFILE-0133,5,18
641,104,2,2,20191223,134000,144000,9,1.2,9,PROFILE-0105,6,9
642,104,1,2,20191223,135000,145000,9,1.2,6,PROFILE-0148,6,43
643,105,7,2,20200102,080300,094000,9,1.4,9,PROFILE-0082,6,187
644,105,6,2,20200102,130500,140500,9,1.4,9,PROFILE-0082,6,18
645,105,1,2,20200102,131500,141500,9,1.4,9,PROFILE-0083,6,39
646,105,2,2,20200102,134000,144000,9,1.4,9,PROFILE-0076,6,30
647,105,3,2,20200102,140500,150500,9,1.4,9,PROFILE-0126,6,10
648,105,4,2,20200102,141000,151000,9,1.4,9,PROFILE-0078,6,6
649,105,5,2,20200102,141200,151200,9,1.4,9,PROFILE-0075,6,4
650,106,4,4,20200103,083000,093000,9,1.4,15,PROFILE-0077,6,15
651,106,5,4,20200103,083000,093000,9,1.4,2,PROFILE-0077,6,2
652,106,2,4,20200103,083500,093500,9,1.4,9,PROFILE-0076,6,27
653,106,6,4,20200103,085000,095000,9,1.4,4,PROFILE-0074,6,4
654,106,1,4,20200103,085200,095200,9,1.4,9,PROFILE-0082,6,20
655,106,3,4,20200103,085200,095200,9,1.4,9,PROFILE-0082,6,70
656,107,1,1,20200103,130500,140500,9,1.4,9,PROFILE-0082,6,101
657,107,2,1,20200103,130500,140500,9,1.4,9,PROFILE-0082,6,75
658,107,6,1,20200103,154000,164000,9,1.4,2,PROFILE-0171,6,2
659,107,4,1,20200103,154500,164500,9,1.4,9,PROFILE-0075,6,13
660,107,3,1,20200103,155000,165000,9,1.4,9,PROFILE-0076,6,15
661,107,5,1,20200103,155500,165500,9,1.4,2,PROFILE-0074,6,2
662,107,2,1,20200106,083000,093000,9,1.4,8,PROFILE-0082,6,61
663,108,2,1,20200106,094000,104000,9,1.4,18,PROFILE-0077,6,108
664,108,1,1,20200106,101500,111500,9,1.4,7,PROFILE-0175,6,20
665,109,1,1,20200107,090000,100000,9,1.2,5,PROFILE-0165,5,10
666,109,2,1,20200107,094000,104000,9,1.2,5,PROFILE-0171,5,10
667,110,1,3,20200107,145000,155000,9,1.4,8,PROFILE-0082,6,82
668,111,1,2,20200108,100000,110000,9,1.5,9,PROFILE-0083,6,35
669,111,2,2,20200108,130500,140500,9,1.5,11,PROFILE-0082,6,99
670,111,3,2,20200108,130500,140500,9,1.5,11,PROFILE-0082,6,11
671,NULL,NULL,12,20200113,082000,092000,9,1.6,3,PROFILE-0215,NULL,69
672,NULL,NULL,12,20200113,130500,140500,9,1.6,3,PROFILE-0215,NULL,80
673,NULL,NULL,12,20200114,082000,092000,9,1.5,3,PROFILE-0215,NULL,21
674,112,2,1,20200114,132500,142500,9,1.4,8,PROFILE-0161,6,43
675,112,1,1,20200114,135000,145000,9,1.4,8,PROFILE-0162,6,41
676,112,4,1,20200114,154500,164500,9,1.4,9,PROFILE-0076,6,36
677,112,4,1,20200115,082000,092000,9,1.5,8,PROFILE-0076,6,24
678,112,3,1,20200115,084500,094500,9,1.5,8,PROFILE-0079,6,50
679,112,6,1,20200115,090000,100000,9,1.5,16,PROFILE-0074,6,100
680,112,7,1,20200115,093500,103500,9,1.5,16,PROFILE-0077,6,100
681,112,5,1,20200115,130500,140500,9,1.5,8,PROFILE-0075,6,60
682,113,7,1,20200115,142000,152000,9,1.2,4,PROFILE-0120,6,48
683,113,7,1,20200116,083000,093000,9,1.2,4,PROFILE-0120,6,18
684,113,1,1,20200116,094000,104000,9,1.4,8,PROFILE-0083,6,30
685,113,2,1,20200116,100500,110500,9,1.4,16,PROFILE-0079,6,50
686,113,4,1,20200116,103500,113500,9,1.4,16,PROFILE-0074,6,32
687,113,4,1,20200116,130500,140500,9,1.4,16,PROFILE-0074,6,18
688,113,5,1,20200116,132500,142500,9,1.4,16,PROFILE-0077,6,100
689,113,7,1,20200116,145000,155000,9,1.2,4,PROFILE-0120,6,6
690,113,6,1,20200116,151000,161000,9,1.4,8,PROFILE-0082,6,30
691,113,3,1,20200116,153500,163500,9,1.4,8,PROFILE-0076,6,50
692,114,8,1,20200117,100000,110000,9,1.4,4,PROFILE-0169,6,4
693,114,5,1,20200117,102000,112000,9,1.4,8,PROFILE-0075,6,31
694,114,4,1,20200117,103500,113500,9,1.4,8,PROFILE-0076,6,30
695,114,1,1,20200117,105000,115000,9,1.4,8,PROFILE-0083,6,21
696,114,7,1,20200117,131000,141000,9,1.5,16,PROFILE-0077,6,100
697,114,6,1,20200117,135000,145000,9,1.5,16,PROFILE-0074,6,50
698,114,2,1,20200117,143000,153000,9,1.5,8,PROFILE-0082,6,20
699,114,9,1,20200117,145000,155000,9,1.5,8,PROFILE-0161,6,23
700,114,3,1,20200120,092000,102000,9,1.5,16,PROFILE-0079,6,30
701,115,2,1,20200120,092000,092000,9,1.5,16,PROFILE-0079,6,50
702,115,3,1,20200120,094000,104000,9,1.5,9,PROFILE-0076,6,48
703,115,4,1,20200120,103000,113000,9,1.5,16,PROFILE-0074,6,50
704,115,2,1,20200120,104500,114500,9,1.5,16,PROFILE-0077,6,88
705,116,1,2,20200120,161000,170000,9,1.2,6,PROFILE-0148,6,6
706,116,1,2,20200121,082500,092500,9,1.2,6,PROFILE-0148,6,30
707,116,1,2,20200121,082500,092500,9,1.2,6,PROFILE-0148,6,68
708,116,6,2,20200121,095000,105000,9,1.2,9,PROFILE-0187,6,30
709,116,4,2,20200121,101500,111500,9,1.2,4,PROFILE-0127,6,4
710,117,1,11,20200121,143500,153500,9,1.4,9,PROFILE-0133,6,63
711,117,1,11,20200122,095000,105000,9,1.4,9,PROFILE-0133,6,10
712,118,1,12,20200122,135000,145000,9,1.4,9,PROFILE-0132,5,64
713,119,1,2,20200123,094000,104000,9,1.2,6,PROFILE-0148,6,51
714,119,1,2,20200123,130500,140500,9,1.2,6,PROFILE-0148,6,21
715,120,3,1,20200124,145000,155000,9,1.4,9,PROFILE-0159,6,30
716,120,1,1,20200124,152300,162300,9,1.4,16,PROFILE-0079,6,135
717,120,4,1,20200127,082000,092000,9,1.4,9,PROFILE-0064,6,30
718,120,2,1,20200127,090000,100000,9,1.5,16,PROFILE-0074,6,128
719,122,3,2,20200127,143000,153000,9,1.5,1.5,PROFILE-0083,6,4
720,122,1,2,20200127,143500,153500,9,1.5,3,PROFILE-0216,6.2,9
721,122,2,2,20200127,154500,164500,9,1.2,6,PROFILE-0186,6,32
722,122,2,2,20200128,095000,105000,9,1.2,6,PROFILE-0186,6,8
723,121,4,1,20200128,130500,140500,9,1.5,9,PROFILE-0167,6,18
724,120,2,1,20200128,131500,141500,9,1.5,16,PROFILE-0074,6,24
725,121,6,1,20200128,132500,142500,9,1.5,16,PROFILE-0079,6,52
726,121,7,1,20200128,135000,145000,9,1.5,9,PROFILE-0076,6,50
727,123,4,1,20200128,144000,154000,9,1.2,9,PROFILE-0083,6,100
728,123,1,1,20200129,095000,105000,9,1.5,7,PROFILE-0086,6,7
729,123,3,1,20200129,100000,110000,9,1.5,9,PROFILE-0076,6,58
730,123,2,1,20200129,104000,114000,9,1.5,16,PROFILE-0079,6,100
731,124,3,5,20200129,152000,162000,9,1.5,16,PROFILE-0074,6,95
732,124,4,5,20200129,155500,170000,9,1.5,9,PROFILE-0206,6,24
733,124,4,5,20200130,090000,100000,9,1.5,9,PROFILE-0206,6,20
734,124,5,5,20200130,090000,100000,9,1.5,9,PROFILE-0206,6,50
735,124,2,5,20200130,095000,105000,9,1.5,16,PROFILE-0079,6,70
736,124,3,5,20200130,131000,141000,9,1.5,16,PROFILE-0074,6,28
737,124,1,5,20200130,132500,142500,9,1.5,9,PROFILE-0083,6,82
738,125,6,3,20200130,155000,165000,9,1.4,15,PROFILE-0010,6,15
739,125,8,3,20200130,155000,165000,9,1.4,2,PROFILE-0012,6,2
740,125,1,3,20200130,155500,165500,9,1.4,3,PROFILE-0003,6,3
741,125,3,3,20200130,160000,170000,9,1.4,2,PROFILE-0006,6,2
742,125,2,3,20200130,160000,170000,9,1,1,PROFILE-0004,6,1
743,125,4,3,20200130,160000,170000,9,2,2,PROFILE-0008,6,2
744,125,5,3,20200130,160000,170000,9,1.4,1,PROFILE-0009,6,1
745,126,1,3,20200131,085000,095000,9,1.4,5,PROFILE-0112,6,5
746,126,2,3,20200131,085200,095200,9,1.4,6,PROFILE-0152,6,6
747,126,3,3,20200131,090000,100000,9,1.4,1,PROFILE-0107,6,1
748,127,3,2,20200131,131000,141000,9,1.4,8,PROFILE-0184,6,140
749,127,4,2,20200131,150000,160000,9,1.4,8,PROFILE-0188,6,30
750,127,8,2,20200131,154500,164500,9,1.4,10,PROFILE-0112,6,10
751,127,7,2,20200131,154500,164500,9,1.4,16,PROFILE-0110,6,20
752,127,5,2,20200131,155000,165000,9,1.4,7,PROFILE-0107,6,7
753,127,6,2,20200131,155000,165000,9,1.4,6,PROFILE-0108,6,6
754,127,9,2,20200131,155500,165500,9,1.4,8,PROFILE-0115,6,8
755,127,2,2,20200131,155500,165500,9,1.4,4,PROFILE-0128,6,4
756,127,1,2,20200131,160000,170000,9,1.4,3,PROFILE-0186,6,3
757,128,3,2,20200203,090000,100000,9,1.4,9,PROFILE-0105,6,156
758,128,2,2,20200203,130500,140500,9,1.5,9,PROFILE-0105,6,45
759,127,3,2,20200203,135000,145000,9,1.5,6,PROFILE-0184,6,10
760,128,1,2,20200203,140000,150000,9,1.5,9,PROFILE-0105,6,210
761,129,3,1,20200204,093500,103500,9,1.5,16,PROFILE-0117,6,26
762,129,1,1,20200204,094000,104000,9,1.2,6,PROFILE-0175,6,6
763,129,2,1,20200204,095000,105000,9,1.3,9,PROFILE-0162,6,70
764,129,4,1,20200204,104000,114000,9,1.3,3,PROFILE-0159,6,3
765,129,7,1,20200204,104500,114500,9,1.3,9,PROFILE-0166,6,14
766,129,9,1,20200204,105500,115500,9,1.3,3,PROFILE-0124,6,3
767,129,5,1,20200204,110500,120000,9,1.3,2,PROFILE-0064,6,2
768,129,10,1,20200204,131000,141000,9,1.3,6,PROFILE-0169,6,19
769,129,11,1,20200204,140000,150000,9,1.3,4,PROFILE-0120,6,45
770,130,8,2,20200205,100000,110000,9,1.4,6,PROFILE-0159,6,5
771,130,1,2,20200205,105000,110500,9,1.4,6,PROFILE-0078,6,6
772,130,7,2,20200205,101000,111000,9,1.4,5,PROFILE-0064,6,5
773,130,2,2,20200205,101500,111500,9,1.4,13,PROFILE-0184,6,13
774,130,6,2,20200205,103000,113000,9,1.4,32,PROFILE-0181,6,32
775,130,6,2,20200206,083000,093000,9,1.4,8,PROFILE-0181,6,56
776,130,8,2,20200206,091500,101500,9,1.4,1,PROFILE-0159,6,1
777,130,10,2,20200206,092000,102000,9,1.4,8,PROFILE-0213,6,50
778,130,3,2,20200206,104500,114500,9,1.2,3,PROFILE-0149,6.2,15
779,130,9,2,20200206,130500,140500,9,1.4,3,PROFILE-0118,6,3
780,130,3,2,20200206,131000,141000,9,1.2,3,PROFILE-0149,6.2,13
781,131,1,11,20200206,160000,170000,9,1.4,9,PROFILE-0133,5,9
782,131,1,11,20200207,083500,093500,9,1.4,8,PROFILE-0133,5,21
783,131,5,11,20200207,143000,153000,9,1.4,4,PROFILE-0159,5,4
784,133,1,1,20200207,143500,153500,9,1.4,10,PROFILE-0118,6,22
785,133,2,1,20200207,151500,161500,9,1.4,8,PROFILE-0163,6,22
786,132,5,3,20200210,083000,093000,9,1.5,7,PROFILE-0151,6,7
787,132,6,3,20200210,083500,093500,9,1.5,2,PROFILE-0153,6,2
788,132,2,3,20200210,084500,094500,9,1.5,5,PROFILE-0111,6,5
789,132,3,3,20200210,084500,094500,9,1.5,2,PROFILE-0034,6,2
790,132,4,3,20200210,090000,100000,9,1.5,10,PROFILE-0035,6,10
791,132,7,3,20200210,091000,101000,9,1.5,4,PROFILE-0036,6,4
792,132,8,3,20200210,092000,102000,9,1.5,6,PROFILE-0038,6,6
793,132,1,3,20200210,093000,103000,9,1.5,2,PROFILE-0109,6,2
794,134,2,1,20200210,143000,153000,9,1.5,16,PROFILE-0081,6,29
795,134,3,1,20200210,144500,154500,9,1.5,16,PROFILE-0119,6,22
796,134,4,1,20200210,145500,155500,9,1.5,16,PROFILE-0080,6,154
797,134,4,1,20200211,131000,141000,9,1.5,16,PROFILE-0080,6,146
798,134,1,1,20200211,142000,152000,9,1.5,6,PROFILE-0175,6,41
799,134,5,1,20200212,082000,092000,9,1.2,6,PROFILE-0177,6,38
800,135,4,1,20200212,110000,120000,9,1.5,8,PROFILE-0082,6,14
801,135,5,1,20200212,110500,120000,9,1.3,4,PROFILE-0169,6,4
802,135,3,1,20200212,131000,141000,9,1.3,4,PROFILE-0124,6,4
803,135,1,1,20200212,131500,141500,9,1.5,2,PROFILE-0116,6,2
804,135,2,1,20200212,132000,142000,9,1.5,8,PROFILE-0106,6,19
805,135,6,1,20200212,132900,143000,9,1.2,6,PROFILE-0175,6,5
806,135,4,1,20200212,134500,144500,9,1.3,9,PROFILE-0160,6,22
807,135,6,1,20200212,140000,150000,9,1.3,9,PROFILE-0150,6,22
808,135,7,1,20200212,142000,152000,9,1.3,8,PROFILE-0110,6,8
809,135,8,1,20200212,145000,155000,9,1.3,1,PROFILE-0113,6,1
810,135,9,1,20200212,145500,155500,9,1.3,2,PROFILE-0156,6,2
811,136,9,2,20200213,102000,112000,9,1.3,2,PROFILE-0128,6,2
812,137,3,2,20200213,102300,112300,9,1.3,8,PROFILE-0130,6,8
813,136,8,2,20200213,102500,112500,9,1.5,4,PROFILE-0119,6,4
814,136,18,2,20200213,102500,112500,9,1.5,4,PROFILE-0119,6,4
815,136,8,2,20200213,102500,112500,9,1.5,4,PROFILE-0119,6,40
816,136,16,2,20200213,104000,114000,9,1.5,2,PROFILE-0123,6,2
817,136,1,2,20200213,104500,114500,9,1.2,6,PROFILE-0175,6,25
818,136,2,2,20200213,131000,141000,9,1.2,3,PROFILE-0149,6.2,10
819,136,14,2,20200213,145500,155500,9,1.5,8,PROFILE-0110,6,50
820,136,21,2,20200213,145500,155500,9,1.5,8,PROFILE-0110,6,11
821,136,4,2,20200213,152000,162000,9,1.5,9,PROFILE-0152,6,20
822,136,13,2,20200213,152000,162000,9,1.5,9,PROFILE-0152,6,20
823,136,19,2,20200213,152000,162000,9,1.5,9,PROFILE-0152,6,3
824,136,3,2,20200213,154000,164000,9,1.5,16,PROFILE-0107,6,13
825,136,11,2,20200213,154000,164000,9,1.5,16,PROFILE-0107,6,9
826,136,20,2,20200213,154000,164000,9,1.5,16,PROFILE-0107,6,8
827,136,5,2,20200214,082000,092000,9,1.4,NULL,PROFILE-0155,6,20
828,136,10,2,20200214,083500,093500,9,1.4,NULL,PROFILE-0188,6,7
829,136,17,2,20200214,084000,094000,9,1.4,NULL,PROFILE-0121,6,20
830,136,15,2,20200214,085000,095000,9,1.4,NULL,PROFILE-0168,6,7
831,136,7,2,20200214,085500,095500,9,1.4,NULL,PROFILE-0151,6,5
832,136,12,2,20200214,085500,095500,9,1.4,NULL,PROFILE-0151,6,8
833,136,11,2,20200214,093000,103000,9,1.4,NULL,PROFILE-0110,6,14
834,136,12,2,20200214,093500,103500,9,1.4,NULL,PROFILE-0111,6,4
835,136,8,2,20200214,093800,103800,9,1.4,NULL,PROFILE-0152,6,4
836,136,7,2,20200214,094000,104000,9,1.4,NULL,PROFILE-0151,6,2
837,136,9,2,20200214,094300,104300,9,1.4,NULL,PROFILE-0153,6,3
838,136,10,2,20200214,094600,104600,9,1.4,NULL,PROFILE-0107,6,11
839,136,15,2,20200214,095000,105000,9,1.4,NULL,PROFILE-0118,6,2
840,136,14,2,20200214,100000,110000,9,1.4,NULL,PROFILE-0159,6,4
841,136,13,2,20200214,100200,110200,9,1.4,NULL,PROFILE-0064,6,4
842,137,2,2,20200214,100500,110500,9,1.4,NULL,PROFILE-0071,6,5
843,137,6,2,20200214,100500,110500,9,1.4,NULL,PROFILE-0071,6,2
844,137,17,2,20200214,100500,110500,9,1.4,NULL,PROFILE-0118,6,4
845,137,16,2,20200214,100500,110500,9,1.4,NULL,PROFILE-0104,6,3
846,137,1,2,20200214,100500,110500,9,1.4,NULL,PROFILE-0108,6,5
847,137,4,2,20200214,100500,110500,9,1.4,NULL,PROFILE-0108,6,2
848,137,5,2,20200214,101000,111000,9,1.4,NULL,PROFILE-0109,6,2
849,137,9,2,20200214,135000,141500,9,1.4,NULL,PROFILE-0153,6,23
850,138,2,2,20200214,133500,143500,9,1.4,NULL,PROFILE-0105,6,23
851,138,5,2,20200214,140500,150500,9,1.4,NULL,PROFILE-0109,6,20
852,138,8,2,20200214,140500,150500,9,1.4,NULL,PROFILE-0109,6,4
853,138,7,2,20200214,150000,160000,9,1.4,NULL,PROFILE-0188,6,25
854,138,6,2,20200214,152500,162500,9,1.4,NULL,PROFILE-0186,6,1
855,139,9,1,20200217,083000,093000,9,1.4,8,PROFILE-0148,4,50
856,139,7,1,20200217,102000,112000,9,1.4,8,PROFILE-0148,6,30
857,139,1,1,20200217,131000,141000,9,1.5,6,PROFILE-0117,6,6
858,139,6,1,20200217,132500,142500,9,1.5,16,PROFILE-0110,6,21
859,139,3,1,20200217,133500,143500,9,1.5,8,PROFILE-0150,6,8
860,139,4,1,20200217,134000,144000,9,1.5,9,PROFILE-0152,6,21
861,139,8,1,20200217,140000,150000,9,1.5,9,PROFILE-0105,6,30
862,139,5,1,20200217,143000,153000,9,1.5,9,PROFILE-0155,6,21
863,139,2,1,20200218,093000,103000,9,1.5,8,PROFILE-0082,6,100
864,139,10,2,20200219,100000,110000,9,1.5,8,PROFILE-0105,4,50
865,141,2,2,20200219,144500,154500,9,1.5,2,PROFILE-0104,6,2
866,141,8,2,20200219,144500,154500,9,1.5,16,PROFILE-0104,6,70
867,141,4,2,20200219,150500,160500,9,1.5,5,PROFILE-0109,6,5
868,141,6,2,20200219,150500,160500,9,1.5,10,PROFILE-0109,6,10
869,141,1,2,20200219,151400,161400,9,1.5,8,PROFILE-0108,6,15
870,141,1,2,20200219,151400,161400,9,1.5,8,PROFILE-0108,6,18
871,141,1,2,20200220,095000,105000,9,1.5,9,PROFILE-0108,6,12
872,141,3,2,20200220,101000,111000,9,1.5,16,PROFILE-0111,6,101
873,142,1,2,20200220,140000,150000,9,1.2,6,PROFILE-0186,6,30
874,142,2,2,20200220,144000,154000,9,1.4,9,PROFILE-0184,6,25
875,134,1,11,20200221,095000,105000,9,1.5,8,PROFILE-0132,6,26
876,140,2,3,20200221,100000,110000,9,1.2,7,PROFILE-0175,6,17
877,140,1,3,20200221,105000,115000,9,1.5,8,PROFILE-0082,6,12
878,140,3,3,20200221,134500,144500,9,1.3,3,PROFILE-0006,6,3
879,144,4,2,20200224,084000,094000,9,1.4,8,PROFILE-0184,6,88
880,144,1,2,20200224,104500,114500,9,1.4,8,PROFILE-0105,4.65,24
881,144,1,2,20200224,130500,140500,9,1.4,8,PROFILE-0105,4.65,10
882,NULL,NULL,2,20200224,131500,141500,9,1.3,6,PROFILE-0186,4,12
883,144,2,2,20200224,134500,144500,9,1.5,16,PROFILE-0112,6,60
884,144,3,2,20200224,144000,154000,9,1.3,6,PROFILE-0128,6,18
885,145,6,1,20200225,084500,094500,9,1.5,8,PROFILE-0106,4,16
886,145,5,1,20200225,091000,101000,9,1.5,8,PROFILE-0106,6,13
887,145,8,1,20200225,093500,103500,9,1.5,8,PROFILE-0108,6,20
888,145,7,1,20200225,095500,105500,9,1.5,9,PROFILE-0162,6,22
889,145,3,1,20200225,101000,111000,9,1.5,3,PROFILE-0150,6,3
890,145,4,1,20200225,101500,111500,9,1.5,10,PROFILE-0080,6,10
891,145,2,1,20200225,130500,140500,9,1.5,16,PROFILE-0112,6,20
892,145,1,1,20200225,132500,142500,9,1.5,16,PROFILE-0081,6,234
893,NULL,NULL,1,20200226,083000,093000,9,1.5,8,PROFILE-0105,4,16
894,145,1,1,20200226,084500,094500,9,1.5,16,PROFILE-0081,6,29
895,146,1,11,20200226,101500,111500,9,1.5,9,PROFILE-0133,5,16
896,146,1,11,20200226,130500,140500,9,1.5,9,PROFILE-0133,5,62
897,146,1,11,20200227,084500,094500,9,1.4,9,PROFILE-0133,5,22
898,147,4,4,20200227,153000,163000,9,1.5,16,PROFILE-0077,6,86
899,147,2,4,20200227,161000,170000,9,1.5,16,PROFILE-0080,6,26
900,147,2,4,20200228,084000,094000,9,1.5,16,PROFILE-0080,6,65
901,147,3,4,20200228,091000,101000,9,1.5,16,PROFILE-0078,6,97
902,147,7,4,20200228,095000,105000,9,1.5,9,PROFILE-0206,6,50
903,147,5,4,20200228,103500,113500,9,1.5,16,PROFILE-0074,6,33
904,147,6,4,20200228,105000,115000,9,1.5,18,PROFILE-0081,6,18
905,147,6,4,20200228,130500,140500,9,1.5,18,PROFILE-0081,6,77
906,147,1,4,20200228,140000,150000,9,1.5,8,PROFILE-0082,6,56
907,148,9,1,20200302,085000,095000,9,1.5,8,PROFILE-0106,4,37
908,148,10,1,20200302,093500,103500,9,1.5,16,PROFILE-0130,6,100
909,148,8,1,20200302,131000,141000,9,1.5,8,PROFILE-0113,6,20
910,148,4,1,20200302,134000,144000,9,1.5,16,PROFILE-0117,6,27
911,148,1,1,20200302,141000,151000,9,1.4,3,PROFILE-0161,6,3
912,148,5,1,20200302,141000,151000,9,1.4,1,PROFILE-0160,6,1
913,148,6,1,20200302,141000,151000,9,1.4,2,PROFILE-0163,6,2
914,148,2,1,20200302,141000,151000,9,1.4,2,PROFILE-0157,6,2
915,148,3,1,20200302,143500,153500,9,1.3,4,PROFILE-0125,6,30
916,148,7,1,20200302,155000,165000,9,1.5,16,PROFILE-0107,6,20
917,148,3,1,20200303,084500,094500,9,1.3,4,PROFILE-0125,6,4
918,149,1,1,20200303,094500,104500,9,1.5,9,PROFILE-0138,4,25
919,149,2,1,20200303,101500,111500,9,1.5,16,PROFILE-0139,4,21
920,150,7,2,20200303,141000,151000,9,1.3,7,PROFILE-0186,4,18
921,149,11,2,20200303,143000,153000,9,1.5,16,PROFILE-0130,6,92
922,150,3,2,20200303,152000,162000,9,1.5,8,PROFILE-0113,6,41
923,150,3,2,20200304,132000,142000,9,1.5,8,PROFILE-0113,6,19
924,150,2,2,20200304,134500,144500,9,1.2,3,PROFILE-0149,4.65,6
925,150,1,2,20200304,140000,150000,9,1.2,3,PROFILE-0149,6.2,26
926,150,4,2,20200304,154500,164500,9,1.4,6,PROFILE-0181,6,6
927,150,9,2,20200305,090000,100000,9,1.5,8,PROFILE-0108,6,11
928,150,5,2,20200305,091500,101500,9,1.5,1,PROFILE-0109,6,1
929,150,10,2,20200305,091700,101700,9,1.5,5,PROFILE-0110,6,5
930,150,6,2,20200305,091700,101700,9,1.5,2,PROFILE-0111,6,2
931,150,8,2,20200305,094000,104000,9,1.5,16,PROFILE-0107,6,50
932,150,1,2,20200305,100000,110000,9,1.2,2,PROFILE-0149,6.2,4
933,151,6,1,20200305,132000,142000,9,1.5,16,PROFILE-0111,6,20
934,151,4,1,20200305,133500,143500,9,1.5,2,PROFILE-0130,6,2
935,151,3,1,20200305,133500,143500,9,1.5,4,PROFILE-0113,6,4
936,151,2,1,20200305,134500,144500,9,1.5,6,PROFILE-0108,6,6
937,151,5,1,20200305,150000,160000,9,1.5,5,PROFILE-0139,4,5
938,151,2,1,20200306,083500,093500,9,1.3,8,PROFILE-0108,6,14
939,NULL,NULL,1,20200306,140000,150000,9,1.3,10,PROFILE-0107,6,10
940,152,2,1,20200306,141000,151000,9,1.3,10,PROFILE-0115,6,10
941,152,1,1,20200306,142500,152500,9,1.3,9,PROFILE-0156,6,14
942,NULL,NULL,1,20200306,150000,160000,9,1.3,8,PROFILE-0108,6,20
943,152,2,1,20200309,084000,094000,9,1.4,8,PROFILE-0115,6,10
944,151,7,1,20200309,103000,113000,9,1.4,8,PROFILE-0151,6,20
945,NULL,NULL,12,20200309,134000,144000,9,1.4,2,PROFILE-0215,NULL,12
946,153,1,12,20200310,093000,103000,9,1.3,8,PROFILE-0132,6,14
947,154,1,11,20200310,134000,143000,9,1.3,8,PROFILE-0133,5,23
948,155,8,1,20200311,132000,142000,9,1.3,2,PROFILE-0165,6,2
949,155,6,1,20200311,133000,143000,9,1.3,5,PROFILE-0150,6,5
950,155,5,1,20200311,133500,143500,9,1.3,2,PROFILE-0163,6,2
951,155,3,1,20200311,133500,143500,9,1.3,3,PROFILE-0161,6,3
952,155,1,1,20200311,141000,151000,9,1.3,2,PROFILE-0125,6,10
953,155,1,1,20200312,083500,093500,9,1.3,2,PROFILE-0125,6,24
954,155,8,1,20200312,104000,114000,9,1.3,2,PROFILE-0165,6,4
955,155,7,1,20200312,105000,115000,9,1.4,1,PROFILE-0151,6,1
956,155,2,2,20200312,140000,150000,9,1.2,3,PROFILE-0149,4.65,29
957,155,3,2,20200312,150000,160000,9,1.5,4,PROFILE-0105,4.65,4
958,155,5,2,20200313,093500,103500,9,1.4,8,PROFILE-0150,6,20
959,155,6,2,20200313,095000,105000,9,1.4,8,PROFILE-0156,6,20
960,155,1,2,20200313,101500,111500,9,1.4,8,PROFILE-0213,6,20
961,156,2,2,20200313,131000,141000,9,1.2,2,PROFILE-0149,4.65,2
962,156,7,2,20200313,132000,142000,9,1.4,6,PROFILE-0115,6,6
963,NULL,NULL,2,20200313,140000,150000,9,1.2,3,PROFILE-0149,6.2,3
964,157,2,2,20200317,083000,093000,9,1.4,9,PROFILE-0151,6,30
965,158,6,1,20200317,104500,114500,9,1.3,7,PROFILE-0169,6,14
966,158,6,1,20200317,130500,140500,9,1.3,7,PROFILE-0169,6,30
967,158,2,1,20200317,151000,161000,9,1.3,1,PROFILE-0150,6,1
968,158,1,1,20200317,151000,161000,9,1.3,1,PROFILE-0077,6,1
969,158,8,1,20200317,151000,161000,9,1.3,2,PROFILE-0130,6,2
970,158,4,1,20200317,152000,162000,9,1.3,8,PROFILE-0157,6,17
971,158,5,1,20200317,153000,163000,9,1.3,8,PROFILE-0162,6,26
972,158,7,1,20200317,154500,164500,9,1.3,8,PROFILE-0161,6,41
973,NULL,NULL,1,20200318,140000,150000,9,1.2,4,PROFILE-0165,3.5,4
974,NULL,NULL,1,20200318,141000,151000,9,1.2,4,PROFILE-0171,3.5,4
975,NULL,NULL,4,20200318,160000,170000,9,1.5,4,PROFILE-0083,6,4
976,NULL,NULL,4,20200318,160500,170000,9,1.5,4,PROFILE-0079,6,4
977,159,8,4,20200319,082000,092000,9,1.5,16,PROFILE-0104,6,17
978,159,9,4,20200319,083000,093000,9,1.5,12,PROFILE-0119,6,12
979,159,6,4,20200319,084000,094000,9,1.5,16,PROFILE-0110,6,50
980,159,11,4,20200319,090000,100000,9,1.5,3,PROFILE-0078,6,3
981,159,12,4,20200319,090000,100000,9,1,2,PROFILE-0081,6,2
982,159,2,4,20200319,095000,105000,9,1,16,PROFILE-0112,6,45
983,159,2,4,20200319,134000,144000,9,1,16,PROFILE-0112,6,45
984,159,7,4,20200319,135500,145500,9,1,16,PROFILE-0111,6,180
985,159,4,4,20200319,152000,162000,9,1,9,PROFILE-0152,6,25
986,159,5,4,20200319,153500,163500,9,1,9,PROFILE-0153,6,25
987,159,10,4,20200319,155000,165000,9,1.3,6,PROFILE-0177,6,12
988,159,10,4,20200320,084000,094000,9,1.3,7,PROFILE-0177,6,25
989,159,1,4,20200320,091500,101500,9,1.3,8,PROFILE-0109,6,29
990,160,2,5,20200320,132000,142000,9,1.5,16,PROFILE-0081,6,259
991,160,4,5,20200320,150000,160000,9,1.5,3,PROFILE-0083,6,3
992,160,3,5,20200320,150000,160000,9,1.5,2,PROFILE-0079,6,2
993,160,1,5,20200320,151600,161500,9,1.3,7,PROFILE-0177,6,19
994,161,7,2,20200413,131000,141100,9,1.3,3,PROFILE-0152,6,3
995,161,10,2,20200413,131000,141100,9,1.3,1,PROFILE-0153,6,1
996,161,6,2,20200413,131800,141800,9,1.3,8,PROFILE-0108,6,6
997,161,2,2,20200413,132500,142500,9,1.3,8,PROFILE-0159,6,52
998,161,1,2,20200413,140000,150000,9,1.3,8,PROFILE-0064,6,52
999,161,5,2,20200413,151500,161500,9,1.5,16,PROFILE-0119,6,34
1000,161,8,2,20200413,153000,163000,9,1.5,2,PROFILE-0110,6,2
1001,161,9,2,20200413,153000,163000,9,1.5,3,PROFILE-0217,6,3
1002,161,4,2,20200413,153300,163300,9,1.5,16,PROFILE-0104,6,34
1003,161,3,2,20200413,154000,164000,9,1.5,12,PROFILE-0118,6,34
1004,161,11,2,20200414,083000,093000,9,1.2,2,PROFILE-0149,4.65,36
1005,162,1,1,20200414,141000,151000,9,1.3,3,PROFILE-0165,3.5,15
1006,162,2,1,20200414,150000,160000,9,1.3,3,PROFILE-0171,3.5,16
1007,162,1,1,20200421,084500,094500,9,1.3,2,PROFILE-0165,3.5,15
1008,162,1,1,20200421,132000,142000,9,1.3,2,PROFILE-0165,3.5,20
1009,162,2,1,20200421,150000,160000,9,1.3,2,PROFILE-0171,3.5,16
1010,162,2,1,20200422,083000,093000,9,1.3,2,PROFILE-0171,3.5,24
1011,163,1,1,20200422,104000,141000,9,1.3,2,PROFILE-0120,6,6
1012,163,1,1,20200422,131000,141000,9,1.3,2,PROFILE-0120,6,31
1013,163,2,1,20200422,150000,160000,9,1.3,2,PROFILE-0172,6,12
1014,163,2,1,20200423,083000,093000,9,1.3,2,PROFILE-0172,6,26
1015,163,2,1,20200423,133000,143000,9,1.3,2,PROFILE-0172,6,7
1016,NULL,NULL,1,20200423,154500,164500,9,1.3,5,PROFILE-0196,3,10
1017,164,4,1,20200430,093500,103500,9,1.5,8,PROFILE-0075,6,20
1018,164,3,1,20200430,095000,105000,9,1.5,3,PROFILE-0167,6,3
1019,164,6,1,20200430,095500,105500,9,1.5,8,PROFILE-0116,6,25
1020,164,5,1,20200430,103500,113500,9,1.3,7,PROFILE-0169,6,18
1021,164,2,1,20200430,133000,143000,9,1.3,7,PROFILE-0157,6,15
1022,164,1,1,20200430,150000,160000,9,1.3,2,PROFILE-0116,6,19
1023,165,1,1,20200505,100000,110000,9,1.4,NULL,PROFILE-0166,6,9
1024,165,4,1,20200505,101000,111000,9,1.4,NULL,PROFILE-0162,6,26
1025,165,3,1,20200505,102000,112000,9,1.4,NULL,PROFILE-0158,6,20
1026,165,2,1,20200505,104500,114500,9,1.4,NULL,PROFILE-0107,6,9
1027,165,2,1,20200505,144000,154000,9,1.4,NULL,PROFILE-0107,6,28
1028,165,5,1,20200505,150000,160000,9,1.4,NULL,PROFILE-0171,3.5,2
1029,NULL,NULL,1,20200206,133000,143000,9,1.3,6,PROFILE-0185,4,24
1030,NULL,NULL,1,20200206,140500,150500,9,1.3,2,PROFILE-0186,6,2
1031,NULL,NULL,1,20200206,141500,151500,9,1.3,8,PROFILE-0187,6,30
1032,NULL,NULL,1,20200206,144000,154000,9,1.3,1,PROFILE-0155,5,1
1033,166,1,1,20200507,100000,110000,9,1.5,8,PROFILE-0080,6,17
1034,166,1,1,20200507,144500,154500,9,1.5,8,PROFILE-0080,6,60
1035,166,1,1,20200512,140000,150000,9,1.5,8,PROFILE-0080,6,15
1036,NULL,NULL,1,20200512,142000,152000,9,1.3,4,PROFILE-0186,6,4
1037,NULL,NULL,1,20200512,142500,152500,9,1.3,6,PROFILE-0059,4,6
1038,NULL,NULL,1,20200512,142500,152500,9,1.3,1,PROFILE-0187,6,1
1039,167,2,1,20200513,102000,112000,9,1.3,3,PROFILE-0125,6,9
1040,167,1,1,20200513,104000,114000,9,1.3,2,PROFILE-0120,6,2
1041,NULL,NULL,1,20200513,104800,114800,9,1.3,4,PROFILE-0186,6,8
1042,166,1,1,20200513,105500,115500,9,1.5,15,PROFILE-0080,6,15
1043,167,3,1,20200513,133500,143500,9,1.3,8,PROFILE-0184,6,25
1044,NULL,NULL,1,20200513,143000,153000,9,1.3,NULL,PROFILE-0182,1.12,20
1045,NULL,NULL,1,20200513,143000,153000,9,1.3,NULL,PROFILE-0182,1.1,20
1046,NULL,NULL,1,20200513,143000,153000,9,1.3,NULL,PROFILE-0182,1.12,2
1047,NULL,NULL,1,20200513,143000,153000,9,1.3,NULL,PROFILE-0182,1,2
1051,NULL,NULL,1,20200513,150000,160000,9,1.3,2,PROFILE-0059,4,2
1052,NULL,NULL,1,20200518,073000,111000,5,1.4,3,PROFILE-0182,1.12,36
1053,NULL,NULL,1,20200518,073000,111000,5,1.4,3,PROFILE-0182,1.1,36
1054,NULL,NULL,1,20200518,131000,154000,5,1.4,3,PROFILE-0182,1,44
1055,NULL,NULL,1,20200518,131000,154000,5,1.4,3,PROFILE-0182,1.12,44
1056,NULL,NULL,1,20200519,084500,094500,9,1.5,3,PROFILE-0182,1,14
1057,NULL,NULL,1,20200519,084500,094500,9,1.5,3,PROFILE-0182,1.12,14
1058,NULL,NULL,1,20200519,084500,094500,9,1.5,3,PROFILE-0182,1.12,28
1059,NULL,NULL,1,20200519,084500,094500,9,1.5,3,PROFILE-0182,1.1,28
1060,168,1,1,20200519,133000,143000,9,1.5,16,PROFILE-0078,6,317
1061,168,1,1,20200520,084000,094000,9,1.5,16,PROFILE-0078,6,83
1062,168,4,1,20200520,090000,100000,9,1.5,16,PROFILE-0081,6,176
1063,168,5,1,20200520,094000,104000,9,1.5,8,PROFILE-0083,6,20
1064,168,3,1,20200520,100000,110000,9,1.5,16,PROFILE-0077,6,254
1065,168,3,1,20200520,131000,141000,9,1.5,16,PROFILE-0077,6,35
1066,168,9,1,20200520,140000,150000,9,1.4,8,PROFILE-0161,6,20
1067,168,2,1,20200520,144000,154000,9,1.5,16,PROFILE-0080,6,224
1068,168,8,1,20200521,100000,110000,9,1.3,NULL,PROFILE-0165,3.5,16
1069,168,5,1,20200521,132000,142000,9,1.3,NULL,PROFILE-0115,6,2
1070,168,2,1,20200521,133000,143500,9,1.5,NULL,PROFILE-0080,6,176
1071,NULL,NULL,1,20200521,150000,160000,9,1.5,1,PROFILE-0187,6,1
1072,169,8,1,20200521,152500,162500,9,1.5,NULL,PROFILE-0126,6,50
1073,169,11,1,20200521,154000,164000,9,1.5,NULL,PROFILE-0123,6,5
1074,169,2,1,20200521,154500,164500,9,1.5,NULL,PROFILE-0158,6,8
1075,169,4,1,20200521,160000,170000,9,1.5,NULL,PROFILE-0080,6,1
1076,169,12,1,20200522,092550,102500,9,1.4,8,PROFILE-0158,6,19
1077,169,3,1,20200522,094000,104000,9,1.4,8,PROFILE-0161,6,20
1078,169,1,1,20200522,095500,105500,9,1.4,8,PROFILE-0166,6,3
1079,170,3,1,20200522,100000,110000,9,1.4,8,PROFILE-0156,6,8
1080,169,10,1,20200522,100500,110500,9,1.4,16,PROFILE-0168,6,15
1081,169,9,1,20200522,101000,111000,9,1.4,16,PROFILE-0121,6,25
1082,169,7,1,20200522,102000,112000,9,1.4,8,PROFILE-0064,6,8
1083,170,2,2,20200522,153000,163000,9,1.4,6,PROFILE-0186,4,12
1084,170,3,2,20200522,154000,164000,9,1.4,6,PROFILE-0167,6,6
1085,170,6,2,20200522,154500,164500,9,1.4,16,PROFILE-0079,6,50
1086,170,5,2,20200525,104000,114000,9,1.5,16,PROFILE-0126,6,50
1087,170,2,2,20200525,110000,120000,9,1.5,1,PROFILE-0186,4,1
1088,170,1,2,20200525,132000,142000,9,1.5,3,PROFILE-0115,6,14
1089,NULL,NULL,1,20200525,154500,164500,9,1.5,5,PROFILE-0184,6,5
1090,169,7,1,20200525,155000,165000,9,1.5,8,PROFILE-0064,6,16
1091,169,7,1,20200526,084000,094000,9,1.4,8,PROFILE-0064,6,26
1092,169,6,1,20200526,092500,102500,9,1.4,8,PROFILE-0159,6,34
1093,169,5,1,20200526,131000,141000,9,1.4,1,PROFILE-0186,6,1
1094,171,2,1,20200526,131500,141500,9,1.4,6,PROFILE-0186,4,6
1095,171,1,1,20200526,135000,145000,9,1.6,16,PROFILE-0117,6,272
1096,172,3,1,20200527,092000,102000,5,1.4,4,PROFILE-0130,6,36
1097,172,4,1,20200527,102000,113000,5,1.3,8,PROFILE-0086,6,30
1098,172,3,1,20200527,131000,145000,5,1.4,4,PROFILE-0130,6,64
1099,172,3,1,20200528,064500,074500,9,1.5,4,PROFILE-0130,6,35
1100,172,1,1,20200528,080000,090000,9,1.3,2,PROFILE-0173,6,30
1101,172,2,1,20200528,084500,094500,9,1.5,8,PROFILE-0122,6,10
1102,173,1,4,20200528,150000,160000,9,1.5,9,PROFILE-0083,6,100
1103,173,7,4,20200529,070000,080000,9,1.5,9,PROFILE-0075,6,9
1104,173,9,4,20200529,070500,080000,9,1.5,1,PROFILE-0153,6,1
1105,173,3,4,20200529,071000,081000,9,1.5,16,PROFILE-0080,6,152
1106,173,2,4,20200529,075000,085000,9,1.5,16,PROFILE-0079,6,78
1107,173,1,4,20200529,085500,095500,9,1.5,8,PROFILE-0083,6,40
1108,173,1,4,20200529,131000,141000,9,1.4,8,PROFILE-0206,6,50
1109,173,10,4,20200529,135000,145000,9,1.4,8,PROFILE-0155,5,20
1110,173,12,4,20200529,141000,151000,9,1.4,8,PROFILE-0086,6,40
1111,173,11,4,20200529,144000,154000,9,1.4,8,PROFILE-0107,6,20
1112,173,5,4,20200529,144800,154800,9,1.4,16,PROFILE-0081,6,184
1113,173,4,4,20200529,155000,165000,9,1.4,16,PROFILE-0077,6,64
1114,173,6,4,20200601,064000,074000,9,1.5,16,PROFILE-0078,6,77
1115,173,4,4,20200601,070000,080000,9,1.5,16,PROFILE-0077,6,83
1116,173,8,4,20200601,101000,111000,9,1.5,8,PROFILE-0151,6,50
1117,175,6,1,20200601,140000,150000,9,1.5,8,PROFILE-0185,1.2,32
1118,175,7,1,20200601,153000,163000,9,1.5,5,PROFILE-0130,6,50
1119,175,5,1,20200602,064500,074500,9,1.4,8,PROFILE-0184,6,60
1120,175,1,1,20200602,131000,141000,9,1.4,15,PROFILE-0117,6,15
1121,175,4,1,20200602,135000,145000,9,1.4,8,PROFILE-0116,6,25
1122,175,2,1,20200602,142000,152000,9,1.4,8,PROFILE-0158,6,12
1123,175,3,1,20200602,144500,154500,9,1.3,2,PROFILE-0172,6,16
1124,176,1,1,20200603,131000,141000,9,1.3,6,PROFILE-0186,4,6
1125,176,3,1,20200603,132000,142000,9,1.3,6,PROFILE-0188,6,6
1126,176,2,1,20200603,133000,143000,9,1.3,6,PROFILE-0128,6,6
1127,177,2,4,20200605,082000,092000,9,1.4,1,PROFILE-0155,6,1
1128,177,1,4,20200605,082000,092000,9,1.4,2,PROFILE-0151,6,2
1129,177,4,4,20200605,082500,092500,9,1.4,8,PROFILE-0181,6,63
1130,177,3,4,20200605,091000,101000,9,1.4,8,PROFILE-0082,6,60
1131,177,5,4,20200605,103000,113000,9,1.4,8,PROFILE-0076,6,60
1132,178,1,2,20200605,152500,162500,9,1.4,8,PROFILE-0151,6,39
1133,178,11,2,20200605,155000,165000,9,1.6,4,PROFILE-0130,6,16
1134,178,11,2,20200608,065000,074000,9,NULL,NULL,PROFILE-0130,6,34
1135,178,14,2,20200608,082000,091000,9,NULL,NULL,PROFILE-0104,6,10
1136,178,8,2,20200608,082500,091500,9,NULL,NULL,PROFILE-0107,6,10
1137,178,9,2,20200608,083000,092000,9,NULL,NULL,PROFILE-0149,6,1
1138,178,13,2,20200608,084500,093000,9,NULL,NULL,PROFILE-0168,6,10
1139,178,15,2,20200608,085500,094500,9,NULL,NULL,PROFILE-0123,6,2
1140,178,10,2,20200608,090000,100000,9,NULL,NULL,PROFILE-0149,6,50
1141,178,12,2,20200608,110000,115000,9,NULL,NULL,PROFILE-0082,6,60
1142,178,6,2,20200608,131000,134500,5,NULL,NULL,PROFILE-0206,6,104
1143,178,2,2,20200608,132000,140000,5,NULL,NULL,PROFILE-0083,6,52
1144,178,7,2,20200608,133000,141000,5,NULL,NULL,PROFILE-0086,6,15
1145,178,5,2,20200609,090000,095500,5,1.6,NULL,PROFILE-0081,6,141
1146,178,4,2,20200609,093000,104500,5,1.6,NULL,PROFILE-0077,6,134
1147,178,3,2,20200609,101500,112600,5,1.6,NULL,PROFILE-0078,6,92
1148,178,6,2,20200609,103000,115000,5,1.3,NULL,PROFILE-0206,6,46
1149,179,1,2,20200609,111500,123000,5,1.4,NULL,PROFILE-0079,6,12
1150,NULL,NULL,2,20200609,140000,145000,5,1.4,NULL,PROFILE-0168,6,10
1151,179,2,2,20200609,150000,160000,5,1.4,NULL,PROFILE-0082,6,93
1152,180,1,3,20200610,110500,120000,5,1.4,8,PROFILE-0121,6,2
1153,180,3,3,20200610,110500,120500,5,1.4,8,PROFILE-0082,6,11
1154,180,2,3,20200610,111000,121000,5,1.4,5,PROFILE-0130,6,10
1155,180,4,3,20200610,111500,121500,5,1.4,2,PROFILE-0168,6,2
1156,180,5,3,20200610,111500,121500,5,1.4,16,PROFILE-0123,6,1
1157,179,2,2,20200610,072000,094000,5,1.4,5,PROFILE-0082,6,63
1158,181,13,1,20200611,082000,101500,5,1.4,8,PROFILE-0083,6,82
1159,181,13,1,20200615,070000,080000,5,1.6,8,PROFILE-0083,6,8
1160,181,18,1,20200615,094000,104000,5,1.6,8,PROFILE-0076,6,100
1161,181,14,1,20200615,131000,144500,5,1.5,8,PROFILE-0083,6,36
1162,181,13,1,20200615,150000,160000,5,1.4,8,PROFILE-0082,6,100
1163,181,6,1,20200615,153000,163000,5,1.6,2,PROFILE-0126,6,2
1164,181,19,1,20200615,154000,163500,5,1.6,8,PROFILE-0079,6,46
1165,181,19,1,20200616,083000,091500,5,1.4,8,PROFILE-0079,6,50
1166,181,20,1,20200616,084500,093000,5,1.3,8,PROFILE-0181,6,60
1167,181,11,1,20200616,091500,094000,5,1.4,4,PROFILE-0130,6,9
1168,181,12,1,20200616,102000,104500,5,1.4,8,PROFILE-0166,6,3
1169,181,10,1,20200616,092000,104500,5,1.4,8,PROFILE-0168,6,15
1170,181,7,1,20200616,100000,105000,5,1.3,3,PROFILE-0173,6,15
1171,181,8,1,20200616,100000,105500,5,1.4,12,PROFILE-0121,6,9
1172,181,15,1,20200616,111000,120500,5,1.5,8,PROFILE-0075,6,22
1173,181,17,1,20200616,112000,121500,5,1.6,16,PROFILE-0078,6,14
1174,181,16,1,20200616,112500,122500,5,1.6,16,PROFILE-0080,6,52
1175,181,14,1,20200616,122500,131000,5,1.5,8,PROFILE-0082,6,74
1176,181,2,1,20200616,124500,132500,5,1.3,8,PROFILE-0083,6,56
1177,181,5,1,20200616,145000,155000,5,1.3,8,PROFILE-0064,6,7
1178,181,4,1,20200616,150000,155000,5,1.3,8,PROFILE-0116,6,7
1179,181,2,1,20200616,152000,161000,5,1.3,8,PROFILE-0158,6,12
1180,181,1,1,20200616,152000,161500,5,1.3,8,PROFILE-0167,6,4
1181,181,3,1,20200616,151500,162000,5,1.2,3,PROFILE-0172,6,3
1182,181,9,1,20200616,152500,162000,5,1.6,8,PROFILE-0122,6,1
1183,182,3,1,20200617,072000,083000,5,1.6,16,PROFILE-0078,6,189
1184,182,1,1,20200617,090000,095000,5,1.4,8,PROFILE-0083,6,37
1185,183,1,1,20200617,114100,151000,5,1.5,12,PROFILE-0082,6,164
1186,184,1,2,20200618,073000,111000,5,1.5,2,PROFILE-0149,4.65,69
1187,184,4,2,20200618,111500,120000,5,1.4,8,PROFILE-0076,6,18
1188,184,3,2,20200618,112000,120500,5,1.4,8,PROFILE-0180,6,1
1189,NULL,NULL,2,20200618,113000,121200,5,1.5,8,PROFILE-0113,6,20
1190,184,5,2,20200618,113000,122000,5,1.5,12,PROFILE-0079,6,40
1191,184,25,2,20200618,131000,135000,5,1.5,8,PROFILE-0184,6,52
1192,184,9,2,20200618,140500,144500,5,1.3,5,PROFILE-0130,6,2
1193,184,8,2,20200618,141000,150000,5,1.5,18,PROFILE-0077,6,4
1194,184,18,2,20200618,143000,152000,5,1.6,8,PROFILE-0152,6,40
1195,184,19,2,20200618,143500,152500,5,1.5,8,PROFILE-0153,6,20
1196,184,2,2,20200618,153500,162000,5,1.4,8,PROFILE-0181,6,8
1197,184,2,2,20200619,083000,094000,5,1.4,8,PROFILE-0181,6,64
1198,184,24,2,20200619,091500,101000,5,1.6,16,PROFILE-0111,6,20
1199,184,16,2,20200619,092700,101900,5,1.5,8,PROFILE-0150,6,10
1200,184,23,2,20200619,094000,103000,5,1.5,8,PROFILE-0110,6,35
1201,184,17,2,20200619,095000,105000,5,1.5,12,PROFILE-0151,6,20
1202,184,15,2,20200619,104000,110000,5,1.6,8,PROFILE-0107,6,19
1203,184,22,2,20200619,101700,111500,5,1.3,6,PROFILE-0156,6,10
1204,184,1,2,20200619,104500,113800,5,1.5,2,PROFILE-0149,4.65,6
1205,184,12,2,20200619,105200,114500,5,1.3,4,PROFILE-0218,6,20
1206,184,14,2,20200619,131500,141500,5,1.2,3,PROFILE-0219,6,20
1207,184,13,2,20200619,141500,153000,5,1.2,3,PROFILE-0220,6,20
1208,NULL,NULL,2,20200622,090000,100000,5,1.5,2,PROFILE-0149,4.65,2
1209,185,17,2,20200622,090000,100500,5,1.5,8,PROFILE-0157,6,3
1210,185,15,2,20200622,090500,101000,5,1.5,8,PROFILE-0064,6,10
1211,185,12,2,20200622,091000,101500,5,1.4,8,PROFILE-0121,6,10
1212,185,11,2,20200622,092000,102000,5,1.6,16,PROFILE-0123,6,2
1213,185,10,2,20200622,093500,102500,5,1.6,8,PROFILE-0168,6,10
1214,185,16,2,20200622,093700,102800,5,1.4,8,PROFILE-0164,6,3
1215,185,6,2,20200622,094500,103500,5,1.4,8,PROFILE-0153,6,10
1216,185,5,2,20200622,095500,104000,5,1.4,8,PROFILE-0151,6,10
1217,185,3,2,20200622,100000,110000,5,1.3,3,PROFILE-0115,6,10
1218,185,2,2,20200622,101000,110500,5,1.3,3,PROFILE-0109,6,10
1219,185,7,2,20200622,101500,111000,5,1.6,16,PROFILE-0110,6,50
1220,185,13,2,20200622,102000,111500,5,1.6,16,PROFILE-0119,6,10
1221,185,8,2,20200622,102500,112000,5,1.3,16,PROFILE-0111,6,30
1222,185,14,2,20200622,103000,112500,5,1.6,16,PROFILE-0104,6,10
1223,186,4,4,20200622,150000,160000,5,1.3,3,PROFILE-0155,6,2
1224,186,5,4,20200622,150500,160500,5,1.4,8,PROFILE-0108,6,2
1225,186,6,4,20200622,150500,160500,5,1.3,4,PROFILE-0109,6,2
1226,186,7,4,20200622,151000,161000,5,1.6,16,PROFILE-0112,6,2
1227,186,8,4,20200622,151200,162000,5,1.4,8,PROFILE-0113,6,2
1228,186,9,4,20200622,151500,162000,5,1.4,16,PROFILE-0110,6,8
1229,186,10,4,20200622,151800,162500,5,1.3,4,PROFILE-0120,6,1
1230,186,12,4,20200622,152000,162500,5,1.3,4,PROFILE-0125,6,1
1231,186,13,4,20200622,152500,162800,5,1.4,8,PROFILE-0169,6,1
1232,186,14,4,20200622,153000,163000,5,1.6,16,PROFILE-0119,6,3
1233,186,15,4,20200622,153000,163000,5,1.6,16,PROFILE-0104,6,2
1234,186,11,4,20200622,153500,163500,5,1.5,8,PROFILE-0162,6,1
1235,186,3,4,20200623,082000,100000,5,1.5,8,PROFILE-0151,6,2
1236,186,2,4,20200623,083000,100000,5,1.5,8,PROFILE-0152,6,2
1237,186,5,4,20200623,082500,105000,5,1.3,4,PROFILE-0108,6,2
1238,186,1,4,20200623,090000,100000,5,1.4,3,PROFILE-0221,6,55
1239,187,2,4,20200623,150600,154500,5,1.5,8,PROFILE-0107,4,6
1240,187,1,4,20200623,150000,154500,5,1.5,8,PROFILE-0107,5,7
1241,187,3,4,20200623,150500,155000,5,1.4,4,PROFILE-0120,6,1
1242,188,8,1,20200624,131700,144000,5,1.4,8,PROFILE-0073,3,2
1243,188,13,1,20200624,131700,144000,5,1.6,16,PROFILE-0126,6,30
1244,188,12,1,20200624,131700,144000,5,1.6,16,PROFILE-0104,6,20
1245,188,11,1,20200624,132500,150500,5,1.6,16,PROFILE-0119,6,13
1246,188,3,1,20200624,133000,151000,5,1.4,8,PROFILE-0122,6,9
1247,188,7,1,20200624,134700,152500,5,1.4,8,PROFILE-0166,6,3
1248,188,5,1,20200624,140000,153000,5,1.3,8,PROFILE-0158,6,18
1249,188,1,1,20200624,140500,153500,5,1.3,8,PROFILE-0156,6,4
1250,188,4,1,20200624,144500,154500,5,1.4,12,PROFILE-0168,6,29
1251,188,2,1,20200624,150000,155000,5,1.4,8,PROFILE-0121,6,36
1252,188,11,1,20200624,151500,155500,5,1.6,16,PROFILE-0119,6,7
1253,188,6,1,20200624,154000,161000,5,1.5,4,PROFILE-0130,6,9
1254,190,4,1,20200626,090000,102000,5,1.5,8,PROFILE-0075,6,248
1255,190,3,1,20200626,140000,144500,5,1.5,8,PROFILE-0159,6,23
1256,190,2,1,20200626,141500,145500,5,1.3,2,PROFILE-0165,3.5,10
1257,190,1,1,20200626,151500,154500,5,1.7,16,PROFILE-0117,6,68
1258,190,1,1,20200629,082000,090000,5,1.7,16,PROFILE-0117,6,341
1259,191,5,2,20200629,132000,140000,5,1.4,8,PROFILE-0175,5,24
1260,191,3,2,20200629,152500,162000,5,1.4,4,PROFILE-0115,6,2
1261,191,4,2,20200629,152500,162500,5,1.6,16,PROFILE-0111,6,23
1262,191,1,2,20200629,153000,163000,5,1.4,8,PROFILE-0107,6,11
1263,191,2,2,20200629,154700,163500,5,1.4,8,PROFILE-0150,6,10
1264,192,2,1,20200630,145000,154500,5,1.4,12,PROFILE-0031,6,20
1265,192,3,1,20200630,145500,155000,5,1.4,12,PROFILE-0040,6,20
1266,192,4,1,20200630,150500,155500,5,1.4,12,PROFILE-0030,6,20
1267,192,1,1,20200701,084000,111000,5,1.6,16,PROFILE-0080,6,500
1268,193,11,3,20200702,091000,095000,5,1.4,8,PROFILE-0169,6,3
1269,193,7,3,20200702,091500,095500,5,1.4,8,PROFILE-0166,6,2
1270,193,8,3,20200702,091500,095500,5,1.6,12,PROFILE-0123,6,2
1271,193,10,3,20200702,092000,101000,5,1.4,8,PROFILE-0157,6,5
1272,193,16,3,20200702,093000,102000,5,1.5,12,PROFILE-0122,6,5
1273,193,5,3,20200702,093500,102500,5,1.6,16,PROFILE-0117,6,50
1274,193,17,3,20200702,095000,104500,5,1.4,5,PROFILE-0016,6,10
1275,193,18,3,20200702,100000,105000,5,1.3,8,PROFILE-0222,6,12
1276,193,12,3,20200702,101500,110000,5,1.3,8,PROFILE-0170,6,6
1277,193,4,3,20200702,103000,111500,5,1.3,2,PROFILE-0125,6,5
1278,193,9,3,20200702,103000,111500,5,1.4,1,PROFILE-0173,6,1
1279,193,1,3,20200702,105000,113500,5,1.5,12,PROFILE-0116,6,6
1280,193,15,3,20200702,130500,134500,5,1.5,7,PROFILE-0168,6,7
1281,193,14,3,20200702,131000,135000,5,1.3,8,PROFILE-0163,6,2
1282,193,6,3,20200702,131000,135000,5,1.3,8,PROFILE-0121,6,6
1283,193,13,3,20200702,132000,141000,5,1.4,8,PROFILE-0162,6,12
1284,193,3,3,20200702,141200,144500,5,1.3,2,PROFILE-0124,6,9
1285,193,2,3,20200703,083000,091000,5,1.3,2,PROFILE-0120,5,7
1286,193,11,3,20200703,084000,091500,5,1.3,8,PROFILE-0169,6,6
1287,193,10,3,20200703,085000,092000,5,1.4,8,PROFILE-0169,6,5
1288,194,1,3,20200703,090000,094000,5,1.5,16,PROFILE-0078,6,12
1289,194,2,3,20200703,090000,094000,5,1.4,8,PROFILE-0181,6,1
1290,194,3,3,20200703,090500,094500,5,1.5,8,PROFILE-0076,6,2
1291,194,4,3,20200703,091000,095000,5,1.5,16,PROFILE-0079,6,4
1292,194,5,3,20200703,091000,095000,5,1.5,12,PROFILE-0082,6,2
1293,194,6,3,20200703,091500,095500,5,1.6,16,PROFILE-0081,6,3
1294,194,7,3,20200703,092000,100500,5,1.6,16,PROFILE-0077,6,3
1295,194,8,3,20200703,092000,101500,5,1.5,3,PROFILE-0223,6,2
1296,194,9,3,20200703,092500,101500,5,1.5,3,PROFILE-0224,6,1
1297,194,10,3,20200703,093000,102000,5,1.5,3,PROFILE-0225,6,3
1298,195,2,4,20200703,144000,154900,5,1.6,16,PROFILE-0111,6,12
1299,195,1,4,20200703,144000,155000,5,1.6,12,PROFILE-0107,6,1
1300,195,8,4,20200703,144500,155500,5,1.3,8,PROFILE-0156,6,12
1301,195,3,4,20200703,150000,161000,5,1.4,8,PROFILE-0113,6,62
1302,195,5,4,20200706,100200,104500,5,1.6,16,PROFILE-0110,6,8
1303,195,17,4,20200706,100500,105000,5,1.5,8,PROFILE-0151,6,7
1304,195,13,4,20200706,101000,105500,5,1.4,4,PROFILE-0115,6,3
1305,195,15,4,20200706,101000,105500,5,1.4,8,PROFILE-0150,6,15
1306,195,4,4,20200706,102600,110000,5,1.6,16,PROFILE-0112,6,18
1307,195,12,4,20200706,103500,110500,5,1.5,8,PROFILE-0114,6,7
1308,195,6,4,20200706,104000,111000,5,1.5,8,PROFILE-0155,6,5
1309,195,10,4,20200706,105000,111500,5,1.3,4,PROFILE-0109,6,18
1310,195,1,4,20200706,133000,141500,5,1.5,12,PROFILE-0107,6,30
1311,196,1,4,20200706,145000,153000,5,1.4,8,PROFILE-0159,6,6
1312,196,3,4,20200706,145700,154000,5,1.6,16,PROFILE-0119,6,6
1313,196,4,4,20200706,145700,154000,5,1.6,16,PROFILE-0104,6,4
1314,196,2,4,20200706,150000,154500,5,1.5,12,PROFILE-0064,6,6
1315,197,1,2,20200707,102000,105000,5,1.6,16,PROFILE-0080,6,4
1316,NULL,NULL,2,20200707,100000,103000,5,1.3,3,PROFILE-0148,6,8
1317,197,2,2,20200707,151500,162000,5,1.3,2,PROFILE-0149,6.2,6
1318,197,21,14,20200708,100800,104500,5,1.6,16,PROFILE-0119,6,9
1319,197,17,14,20200708,101000,104700,5,1.4,8,PROFILE-0073,6,15
1320,197,16,14,20200708,102000,105500,5,1.4,4,PROFILE-0226,6,13
1321,197,15,14,20200708,105000,113000,5,1.4,4,PROFILE-0227,6,11
1322,197,18,14,20200708,102500,111000,5,1.5,8,PROFILE-0158,6,1
1323,197,22,14,20200708,102500,111000,5,1.5,8,PROFILE-0228,6,1
1324,197,19,14,20200708,131500,142000,5,1.3,4,PROFILE-0120,6,1
1325,197,20,14,20200708,131500,142000,5,1.3,4,PROFILE-0125,6,2
1326,197,7,14,20200708,144000,151500,5,1.6,16,PROFILE-0104,6,46
1327,197,8,14,20200708,145000,152000,5,1.6,16,PROFILE-0119,6,13
1328,197,12,14,20200708,151000,154500,5,1.6,8,PROFILE-0079,6,2
1329,197,13,14,20200708,151000,154500,5,1.6,16,PROFILE-0080,6,4
1330,197,16,14,20200708,151500,155000,5,1.6,8,PROFILE-0118,6,2
1331,197,14,14,20200708,151500,155000,5,1.4,8,PROFILE-0175,5,1
1332,197,4,14,20200708,152000,160000,5,1.4,8,PROFILE-0162,6,1
1333,197,11,14,20200708,152500,160500,5,1.4,8,PROFILE-0076,6,2
1334,197,2,14,20200708,153000,161000,5,1.4,8,PROFILE-0169,6,2
1335,197,3,14,20200708,155500,161500,5,1.4,8,PROFILE-0170,6,2
1336,197,9,14,20200708,154000,162000,5,1.4,8,PROFILE-0159,6,3
1337,197,6,14,20200708,154000,162000,5,1.4,8,PROFILE-0157,6,3
1338,197,1,14,20200708,154500,162500,5,1.5,8,PROFILE-0122,6,35
1339,197,23,14,20200708,155000,163000,5,1.2,3,PROFILE-0229,6,3
1340,NULL,NULL,14,20200709,152000,155500,5,1.6,16,PROFILE-0119,6,8
1341,199,6,1,20200710,100000,115000,5,1.5,8,PROFILE-0138,6,34
1342,199,19,1,20200710,133500,144000,5,1.5,8,PROFILE-0153,6,20
1343,199,11,1,20200710,135000,160000,5,1.5,6,PROFILE-0064,6,20
1344,199,10,1,20200710,NULL,153000,5,1.5,2,PROFILE-0172,6,15
1345,199,17,1,20200710,144500,155500,5,1.5,14,PROFILE-0126,6,45
1346,199,17,1,20200713,082000,094000,5,1.6,16,PROFILE-0126,6,56
1347,199,8,1,20200713,085000,095000,5,1.4,8,PROFILE-0163,6,24
1348,199,15,1,20200713,102500,105500,5,1.4,8,PROFILE-0166,6,4
1349,199,18,1,20200713,103000,110000,5,1.6,6,PROFILE-0112,6,10
1350,199,16,1,20200713,103500,111000,5,1.4,6,PROFILE-0122,6,30
1351,199,20,1,20200713,104000,111500,5,1.6,6,PROFILE-0111,6,10
1352,199,1,1,20200713,104000,141500,5,1.6,6,PROFILE-0117,6,6
1353,199,2,1,20200713,132000,140000,5,1.4,6,PROFILE-0159,6,2
1354,199,3,1,20200713,133000,140500,5,1.3,6,PROFILE-0173,6,12
1355,199,21,1,20200713,141500,145500,5,1.6,6,PROFILE-0129,6,5
1356,199,14,1,20200713,143000,150500,5,1.4,6,PROFILE-0168,6,30
1357,199,14,1,20200713,150000,154500,5,1.5,6,PROFILE-0121,6,30
1358,199,9,1,20200713,154500,164000,5,1.6,6,PROFILE-0104,6,32
1359,NULL,NULL,1,20200714,090500,093500,5,1.5,8,PROFILE-0151,6,2
1360,199,9,1,20200714,091000,094000,5,1.6,16,PROFILE-0104,6,68
1361,199,12,1,20200714,093000,101500,5,1.4,8,PROFILE-0164,6,8
1362,199,7,1,20200714,093500,102000,5,1.5,6,PROFILE-0075,6,11
1363,199,4,1,20200714,094000,102500,5,1.6,16,PROFILE-0080,6,21
1364,200,1,1,20200714,095000,103500,5,1.6,16,PROFILE-0113,6,20
1365,200,2,1,20200714,103000,111000,5,1.5,16,PROFILE-0078,6,257
1366,201,1,1,20200715,085000,093500,5,1.5,5,PROFILE-0130,6,135
1367,NULL,NULL,1,20200715,103000,114500,5,1.4,8,PROFILE-0076,6,69
1368,202,11,4,20200715,143500,151000,5,1.4,12,PROFILE-0151,6,1
1369,202,6,4,20200715,143500,151000,5,1.4,4,PROFILE-0109,6,11
1370,202,10,4,20200715,144000,151500,5,1.4,8,PROFILE-0152,6,8
1371,202,5,4,20200715,150000,154000,5,1.4,4,PROFILE-0108,6,38
1372,202,5,4,20200716,090000,101000,5,1.4,4,PROFILE-0108,6,50
1373,202,7,4,20200716,101000,105000,5,1.4,4,PROFILE-0114,6,6
1374,202,8,4,20200716,110000,114500,5,1.4,4,PROFILE-0115,6,24
1375,202,4,4,20200716,131500,140000,5,1.4,8,PROFILE-0156,6,50
1376,202,9,4,20200716,135000,143500,5,1.4,8,PROFILE-0150,6,31
1377,202,2,4,20200716,142000,150000,5,1.4,8,PROFILE-0155,6,11
1378,202,1,4,20200716,144000,152500,5,1.4,4,PROFILE-0113,6,35
1379,202,3,4,20200716,152500,162000,5,1.4,8,PROFILE-0154,6,24
1380,202,6,4,20200716,152500,162000,5,1.4,8,PROFILE-0152,6,8
1381,202,11,4,20200716,153000,163000,5,1.5,8,PROFILE-0151,6,1
1382,202,6,4,20200716,153500,163500,5,1.4,4,PROFILE-0109,6,11
1383,203,1,4,20200717,092000,100500,5,1.3,8,PROFILE-0072,6,13
1384,203,2,4,20200717,093000,102000,5,1.5,12,PROFILE-0107,6,39
1385,204,2,3,20200717,131500,135500,5,1.4,3,PROFILE-0124,6,8
1386,204,8,3,20200717,151000,154500,5,1.5,8,PROFILE-0157,6,5
1387,204,6,3,20200717,151500,155500,5,1.6,16,PROFILE-0046,6,12
1388,204,9,3,20200717,152000,150000,5,1.6,16,PROFILE-0104,6,55
1389,204,10,3,20200717,152500,161000,5,1.4,2,PROFILE-0173,6,2
1390,204,4,3,20200717,153500,161500,5,1.5,8,PROFILE-0161,6,7
1391,204,17,3,20200717,155000,163500,5,1.5,8,PROFILE-0163,6,1
1392,204,13,3,20200717,155500,164000,5,1.3,2,PROFILE-0042,6,2
1393,204,1,3,20200718,055000,063000,5,1.5,16,PROFILE-0079,6,35
1394,204,3,3,20200718,060000,064000,5,1.4,8,PROFILE-0162,6,13
1395,204,5,3,20200718,061500,065000,5,1.4,8,PROFILE-0160,6,10
1396,204,7,3,20200718,062000,065500,5,1.4,12,PROFILE-0116,6,14
1397,204,11,3,20200718,063000,071000,5,1.3,2,PROFILE-0171,6,5
1398,204,12,3,20200718,064000,072500,5,1.3,2,PROFILE-0047,6,3
1399,204,14,3,20200718,064500,073500,5,1.5,5,PROFILE-0044,6,3
1400,204,15,3,20200718,065000,074000,5,1.5,5,PROFILE-0048,6,3
1401,204,16,3,20200718,065500,074500,5,1.5,4,PROFILE-0045,6,2
1402,205,1,3,20200718,104000,112000,5,1.5,3,PROFILE-0120,6,5
1403,205,2,3,20200718,104500,112500,5,1.4,2,PROFILE-0171,6,10
1404,205,4,3,20200718,105000,113000,5,1.4,3,PROFILE-0125,6,3
1405,205,6,3,20200718,105500,113500,5,1.4,2,PROFILE-0165,6,4
1406,205,4,2,20200720,130500,134000,5,1.4,16,PROFILE-0112,6,40
1407,205,18,2,20200720,132000,135500,5,1.4,8,PROFILE-0166,6,3
1408,205,6,2,20200720,132000,135500,5,1.4,6,PROFILE-0030,6,10
1409,205,25,2,20200720,133000,141500,5,1.4,6,PROFILE-0040,6,10
1410,205,24,2,20200720,133500,142000,5,1.4,6,PROFILE-0031,6,10
1411,205,3,2,20200720,135000,143500,5,1.4,4,PROFILE-0113,6,30
1412,205,6,2,20200720,143000,151500,5,1.4,8,PROFILE-0150,6,20
1413,205,5,2,20200720,150000,154500,5,1.4,3,PROFILE-0109,6,20
1414,205,10,2,20200720,153000,161500,5,1.4,3,PROFILE-0110,6,48
1415,205,11,2,20200720,155000,163500,5,1.6,16,PROFILE-0111,6,100
1416,206,1,2,20200721,085500,094000,5,1.4,3,PROFILE-0108,6,35
1417,206,7,2,20200721,095000,103000,5,1.4,8,PROFILE-0152,6,42
1418,206,20,2,20200721,103500,111000,5,1.6,16,PROFILE-0104,6,10
1419,206,19,2,20200721,104000,111500,5,1.6,16,PROFILE-0119,6,20
1420,206,17,2,20200721,105500,113500,5,1.5,14,PROFILE-0126,6,55
1421,206,22,2,20200721,132000,135500,5,1.5,6,PROFILE-0064,6,20
1422,260,14,2,20200721,134000,141500,5,1.5,12,PROFILE-0129,6,25
1423,206,8,2,20200721,135000,143000,5,1.5,8,PROFILE-0153,6,20
1424,206,3,2,20200721,140000,153500,5,1.5,8,PROFILE-0159,6,11
1425,206,12,2,20200721,140500,154000,5,1.5,5,PROFILE-0114,6,5
1426,206,2,2,20200721,141500,155000,5,1.4,3,PROFILE-0115,6,10
1427,206,9,2,20200721,143500,155500,5,1.5,8,PROFILE-0155,6,15
1428,260,23,2,20200721,150000,163500,5,1.6,12,PROFILE-0118,6,2
1429,206,13,2,20200721,150000,163500,5,1.4,3,PROFILE-0072,6,4
1430,207,3,2,20200721,152500,164500,5,1.6,14,PROFILE-0030,6,11
1431,207,2,2,20200721,153000,165000,5,1.5,12,PROFILE-0040,6,33
1432,207,1,2,20200721,153500,165500,5,1.5,12,PROFILE-0230,6,2
1433,207,3,2,20200722,065000,073500,5,1.4,6,PROFILE-0040,6,23
1434,207,1,2,20200722,070000,074500,5,1.4,6,PROFILE-0031,6,53
1435,207,2,2,20200722,102000,111000,5,1.5,165,PROFILE-0030,6,44
1436,207,6,2,20200722,104000,112500,5,1.5,16,PROFILE-0078,6,14
1437,207,5,2,20200722,104500,113000,5,1.5,16,PROFILE-0080,6,100
1438,207,4,2,20200722,133000,142000,5,1.5,12,PROFILE-0079,6,92
1439,207,3,2,20200722,065000,073500,5,1.4,6,PROFILE-0040,6,23
1440,207,1,2,20200722,070000,074500,5,1.4,6,PROFILE-0031,6,53
1441,207,2,2,20200722,102000,111000,5,1.5,16,PROFILE-0030,6,44
1442,207,6,2,20200722,104000,112500,5,1.5,16,PROFILE-0078,6,14
1443,207,5,2,20200722,104500,113000,5,1.5,16,PROFILE-0080,6,100
1444,207,4,2,20200722,133000,142000,5,1.5,12,PROFILE-0079,6,92
1445,208,1,2,20200723,103000,111500,5,1.4,3,PROFILE-0108,6,38
1446,208,7,2,20200723,134000,142500,5,1.4,3,PROFILE-0115,6,40
1447,208,2,2,20200723,140000,144500,5,1.4,3,PROFILE-0109,6,30
1448,208,3,2,20200724,081800,091000,5,1.4,8,PROFILE-0150,6,12
1449,208,5,2,20200724,082500,091500,5,1.4,8,PROFILE-0154,6,25
1450,208,6,2,20200724,090000,094500,5,1.4,8,PROFILE-0155,6,35
1451,208,4,2,20200724,104000,112500,5,1.5,8,PROFILE-0153,6,30
1452,208,2,2,20200724,104500,113000,5,1.4,4,PROFILE-0109,6,30
1453,209,2,4,20200724,131000,142000,5,1.7,16,PROFILE-0126,6,396
1454,209,2,4,20200727,090000,094500,5,1.7,16,PROFILE-0126,6,47
1455,209,1,4,20200727,093000,101500,5,1.5,12,PROFILE-0079,6,73
1456,210,1,1,20200727,131500,134500,5,1.3,8,PROFILE-0158,6,68
1457,210,5,1,20200727,150000,154500,5,1.7,16,PROFILE-0104,6,77
1458,210,1,1,20200728,070000,074500,5,1.3,6,PROFILE-0158,6,44
1459,210,7,1,20200728,091000,095500,5,1.2,2,PROFILE-0165,6,2
1460,210,12,1,20200728,094500,103000,5,1.6,7,PROFILE-0064,6,1
1461,210,15,1,20200728,094500,103000,5,1.6,16,PROFILE-0126,6,1
1462,210,10,1,20200728,101000,105500,5,1.3,2,PROFILE-0172,6,22
1463,211,2,1,20200728,132500,140500,5,1.5,14,PROFILE-0079,6,110
1464,211,3,1,20200728,140000,144500,5,1.4,8,PROFILE-0083,6,47
1465,210,2,1,20200729,102500,111000,5,1.4,6,PROFILE-0170,6,23
1466,210,9,1,20200729,105000,113500,5,1.4,2,PROFILE-0171,6,25
1467,210,16,1,20200729,150000,154500,5,1.4,4,PROFILE-0109,6,20
1468,210,6,1,20200730,071000,113000,5,1.3,2,PROFILE-0173,6,44
1469,210,18,1,20200730,131000,135500,5,1.4,8,PROFILE-0114,6,8
1470,210,14,1,20200730,140000,151500,5,1.4,8,PROFILE-0122,6,6
1471,210,19,1,20200730,132000,140500,5,1.5,10,PROFILE-0129,6,5
1472,210,13,1,20200730,133000,141500,5,1.4,12,PROFILE-0168,6,6
1473,210,11,1,20200730,133500,142000,5,1.4,8,PROFILE-0159,6,25
1474,210,7,1,20200730,134500,143000,5,1.4,8,PROFILE-0161,6,25
1475,211,6,1,20200730,151500,155500,5,1.5,8,PROFILE-0181,6,3
1476,211,1,1,20200730,154000,162000,5,1.5,8,PROFILE-0075,6,16
1477,211,1,1,20200731,071000,075500,5,1.5,8,PROFILE-0075,6,33
1478,210,6,1,20200731,073000,081500,5,1.6,16,PROFILE-0119,6,100
1479,210,17,1,20200731,090000,094500,5,1.4,8,PROFILE-0154,6,10
1480,210,3,1,20200731,090000,094500,5,1.4,8,PROFILE-0163,6,1
1481,211,5,1,20200731,092000,101000,5,1.6,16,PROFILE-0077,6,446
1482,211,4,1,20200731,112000,121000,5,1.6,16,PROFILE-0080,6,214
1483,212,11,2,20200731,151000,155500,5,1.4,8,PROFILE-0168,6,30
1484,212,1,2,20200731,153000,161500,5,1.4,8,PROFILE-0108,6,6
1485,212,1,2,20200803,093000,101500,5,1.3,3,PROFILE-0108,6,21
1486,212,7,2,20200803,101500,105500,5,1.4,16,PROFILE-0080,6,92
1487,212,14,2,20200803,105000,113500,5,1.4,6,PROFILE-0064,6,10
1488,212,12,2,20200803,105500,114000,5,1.4,6,PROFILE-0121,6,30
1489,212,9,2,20200803,134000,142500,5,1.5,6,PROFILE-0130,6,15
1490,212,9,2,20200805,133500,142000,5,1.6,5,PROFILE-0130,6,73
1491,212,10,2,20200805,144000,152500,5,1.6,5,PROFILE-0113,6,62
1492,212,3,2,20200805,154500,163000,5,1.4,8,PROFILE-0150,6,18
1493,212,6,2,20200706,070000,074500,5,1.7,16,PROFILE-0111,6,226
1494,212,4,2,20200706,091000,094500,5,1.5,8,PROFILE-0152,6,61
1495,212,10,2,20200706,094500,103000,5,1.4,8,PROFILE-0159,6,28
1496,212,9,2,20200706,100000,104500,5,1.5,14,PROFILE-0126,6,45
1497,213,7,3,20200706,152000,160000,5,1.7,16,PROFILE-0046,6,30
1498,213,5,3,20200706,152500,160500,5,1.7,14,PROFILE-0231,6,20
1499,213,4,3,20200706,153000,161000,5,1.6,10,PROFILE-0232,6,10
1500,213,1,3,20200706,153500,161500,5,1.7,16,PROFILE-0104,6,20
1501,213,9,3,20200706,154000,162000,5,1.7,16,PROFILE-0123,6,1
1502,NULL,NULL,3,20200706,154000,162000,5,1.6,8,PROFILE-0163,6,2
1503,214,3,3,20200706,155000,163000,5,1.6,8,PROFILE-0167,6,7
1504,214,8,3,20200706,155000,163000,5,1.6,8,PROFILE-0168,6,3
1505,214,10,3,20200706,155500,164000,5,1.6,12,PROFILE-0233,6,2
1506,214,2,3,20200706,160000,164500,5,1.6,12,PROFILE-0122,6,13
1507,215,6,1,20200807,131500,135500,5,1.5,8,PROFILE-0064,6,4
1508,215,5,1,20200807,132000,140000,5,1.5,8,PROFILE-0162,6,7
1509,215,7,1,20200807,132500,140500,5,1.5,8,PROFILE-0169,6,4
1510,215,1,1,20200807,132500,140500,5,1.5,8,PROFILE-0158,6,1
1511,215,9,1,20200807,133000,141000,5,1.5,8,PROFILE-0157,6,6
1512,215,4,1,20200807,135000,143500,5,1.3,2,PROFILE-0120,6,4
1513,215,8,1,20200807,135500,144000,5,1.4,8,PROFILE-0161,6,4
1514,215,2,1,20200807,140050,144000,5,1.6,16,PROFILE-0119,6,16
1515,215,3,1,20200807,143000,151500,5,1.3,2,PROFILE-0125,6,4
1516,215,7,1,20200810,101000,110000,5,1.3,8,PROFILE-0076,6,266
1517,215,7,1,20200811,083000,091500,5,1.3,8,PROFILE-0076,6,48
1518,215,5,1,20200811,091000,095500,5,1.4,5,PROFILE-0130,6,15
1519,215,3,1,20200811,091500,100000,5,1.3,2,PROFILE-0173,6,11
1520,214,2,1,20200811,094000,102500,5,1.3,8,PROFILE-0170,6,4
1521,215,1,1,20200811,094500,103000,5,1.3,8,PROFILE-0158,6,1
1522,216,4,4,20200811,153000,161500,5,1.7,16,PROFILE-0110,6,100
1523,216,2,4,20200811,155000,163000,5,1.3,8,PROFILE-0234,6,8
1524,216,1,4,20200811,160000,164500,5,1.3,8,PROFILE-0235,6,4
1525,216,3,4,20200811,160000,165000,5,1.3,8,PROFILE-0236,6,2
1526,217,3,4,20200812,085000,093500,5,1.4,8,PROFILE-0064,6,6
1527,217,1,4,20200812,090000,094500,5,1.7,16,PROFILE-0119,6,10
1528,217,2,4,20200812,090500,095000,5,1.4,8,PROFILE-0159,6,6
1529,218,1,4,20200812,132000,142000,5,1.3,8,PROFILE-0083,6,154
1530,218,2,4,20200812,144500,153000,5,1.4,8,PROFILE-0075,6,49
1531,219,2,13,20200813,095000,103500,5,1.3,8,PROFILE-0237,6,10
1532,219,3,13,20200813,100000,104500,5,1.4,8,PROFILE-0238,6,1
1533,219,1,13,20200813,102000,110500,5,1.4,5,PROFILE-0130,6,10
1534,220,3,2,20200813,132500,141000,5,1.3,16,PROFILE-0112,6,60
1535,220,1,2,20200813,134000,142500,5,1.4,13,PROFILE-0108,6,1
1536,220,4,2,20200813,134000,142500,5,1.3,8,PROFILE-0150,6,1
1537,220,6,2,20200813,134500,143000,5,1.3,8,PROFILE-0159,6,5
1538,220,9,2,20200813,135000,153500,5,1.3,8,PROFILE-0083,6,46
1539,220,5,2,20200813,154000,162500,5,1.6,8,PROFILE-0152,6,3
1540,220,4,2,20200813,154500,163000,5,1.6,16,PROFILE-0126,6,78
1541,220,7,2,20200814,083000,091500,5,1.6,16,PROFILE-0126,6,24
1542,220,8,2,20200814,083500,092000,5,1.3,2,PROFILE-0149,6.2,1
1543,220,11,2,20200814,143000,151500,5,1.3,3,PROFILE-0175,5,20
1544,222,1,2,20200818,131600,141500,5,1.5,8,PROFILE-0132,6,34
1545,222,2,2,20200818,132000,141500,5,1.5,8,PROFILE-0132,5,8
1546,223,1,1,20200821,104100,112500,5,1.5,10,PROFILE-0075,5,4
1547,223,8,1,20200821,104500,113000,5,1.5,10,PROFILE-0082,5,48
1548,223,9,1,20200821,110000,114500,5,1.4,8,PROFILE-0083,5,2
1549,223,5,1,20200821,111500,115500,5,1.5,16,PROFILE-0079,4,2
1550,223,6,1,20200821,111500,155500,5,1.5,16,PROFILE-0079,5,42
1551,223,2,1,20200821,132000,140000,5,1.4,8,PROFILE-0076,5,26
1552,223,4,1,20200821,140500,144500,5,1.6,16,PROFILE-0078,5,8
1553,223,7,1,20200821,141000,145500,5,1.6,16,PROFILE-0080,4,144
1554,223,3,1,20200821,141500,150000,5,1.6,16,PROFILE-0077,4,4
1555,224,1,1,20200821,150500,155000,5,1.3,8,PROFILE-0083,6,88
1556,224,1,1,20200824,070000,074500,5,1.3,8,PROFILE-0083,6,44
1557,224,2,1,20200824,082000,093000,5,1.3,16,PROFILE-0082,6,163
1558,225,1,1,20200824,131500,141500,5,1.3,16,PROFILE-0079,6,200
1559,225,2,1,20200824,142500,152500,5,1.6,16,PROFILE-0081,6,200
1560,226,1,5,20200825,095500,104000,5,1.6,16,PROFILE-0239,6,35
1561,226,2,5,20200825,100500,104500,5,1.3,8,PROFILE-0240,6,35
1562,227,5,2,20200826,094000,104500,5,1.3,8,PROFILE-0076,6,100
1563,227,2,2,20200826,103500,112000,5,1.4,6,PROFILE-0122,6,28
1564,227,4,2,20200826,132250,140500,5,1.6,16,PROFILE-0104,5,10
1565,227,7,2,20200826,133500,142000,5,1.6,16,PROFILE-0081,6,40
1566,227,3,2,20200826,133500,142000,5,1.6,16,PROFILE-0104,6,18
1567,227,1,2,20200826,134500,143000,5,1.5,16,PROFILE-0126,6,45
1568,227,8,2,20200826,140000,144500,5,1.4,8,PROFILE-0082,6,64
1569,227,6,2,20200826,144500,153000,5,1.5,16,PROFILE-0079,6,7
1570,228,8,2,20200827,103000,111500,5,1.4,8,PROFILE-0079,6,20
1571,228,9,2,20200827,135000,143500,5,1.3,8,PROFILE-0083,6,14
1572,228,7,2,20200827,140000,144500,5,1.6,16,PROFILE-0080,6,50
1573,228,6,2,20200827,142000,150500,5,1.6,16,PROFILE-0078,6,100
1574,228,5,2,20200827,144500,153000,5,1.6,16,PROFILE-0074,6,100
1575,NULL,NULL,2,20200827,152500,161000,5,1.3,2,PROFILE-0149,6,1
1576,229,11,3,20200828,100500,104000,5,1.6,NULL,PROFILE-0081,6,47
1577,229,7,3,20200828,102500,111000,5,1.3,NULL,PROFILE-0083,6,50
1578,229,2,3,20200828,131000,135500,5,1.4,NULL,PROFILE-0159,6,12
1579,229,3,3,20200828,131500,140000,5,1.4,NULL,PROFILE-0186,6,3
1580,229,4,3,20200828,132000,140500,5,1.4,NULL,PROFILE-0175,5,3
1581,229,8,3,20200828,134500,143000,5,1.6,NULL,PROFILE-0080,6,50
1582,229,5,3,20200828,135500,144000,5,1.4,NULL,PROFILE-0076,6,52
1583,229,6,3,20200828,145000,153500,5,1.6,NULL,PROFILE-0079,6,71
1584,229,10,3,20200831,085500,094000,5,1.6,16,PROFILE-0074,6,25
1585,230,9,3,20200831,090500,094500,5,1.6,16,PROFILE-0078,6,30
1586,230,1,3,20200831,102000,152000,5,1.6,4,PROFILE-0241,6,70
1587,230,18,3,20200831,152000,160500,5,1.4,16,PROFILE-0064,6,2
1588,230,19,3,20200831,152000,160500,5,1.4,8,PROFILE-0118,5,1
1589,230,13,3,20200831,152000,160500,5,1.4,8,PROFILE-0121,6,2
1590,230,8,3,20200831,152200,161000,5,1.4,8,PROFILE-0158,6,4
1591,230,15,3,20200831,152200,161000,5,1.4,8,PROFILE-0168,6,1
1592,230,7,3,20200831,153000,161500,5,1.4,8,PROFILE-0162,6,7
1593,230,5,3,20200831,154000,162500,5,1.4,12,PROFILE-0116,6,12
1594,231,9,3,20200901,082500,091000,5,1.4,8,PROFILE-0169,6,6
1595,231,16,3,20200901,083000,091500,5,1.4,8,PROFILE-0166,6,1
1596,231,6,3,20200901,083500,092000,5,1.4,8,PROFILE-0157,6,5
1597,231,17,3,20200901,083500,092000,5,1.4,8,PROFILE-0164,6,1
1598,231,14,3,20200901,083500,092000,5,1.4,12,PROFILE-0123,6,1
1599,231,4,3,20200901,084500,093000,5,1.4,3,PROFILE-0124,6,3
1600,231,2,3,20200901,085000,093500,5,1.4,2,PROFILE-0172,6,2
1601,231,1,3,20200901,090000,094500,5,1.4,2,PROFILE-0171,6,2
1602,231,3,3,20200901,091000,095500,5,1.4,3,PROFILE-0125,6,1
1603,231,11,3,20200901,091500,100000,5,1.4,8,PROFILE-0160,6,3
1604,231,12,3,20200901,091500,100000,5,1.4,8,PROFILE-0161,6,3
1605,231,10,3,20200901,092500,101000,5,1.4,8,PROFILE-0170,6,6
1606,231,12,3,20200901,103500,112000,5,1.4,8,PROFILE-0041,6,1
1607,231,15,3,20200901,104000,112500,5,1.5,16,PROFILE-0104,6,11
1608,231,16,3,20200901,104000,112500,5,1.6,16,PROFILE-0194,6,3
1609,231,4,3,20200901,104500,113000,5,1.6,16,PROFILE-0046,6,4
1610,231,14,3,20200901,110000,114500,5,1.6,16,PROFILE-0117,6,30
1611,231,19,3,20200901,131500,135500,5,1.6,16,PROFILE-0126,6,23
1612,231,5,3,20200901,132000,140000,5,1.4,8,PROFILE-0042,6,6
1613,231,20,3,20200901,132500,140500,5,1.4,8,PROFILE-0150,6,5
1614,231,1,3,20200901,133000,141000,5,1.4,12,PROFILE-0044,6,2
1615,231,2,3,20200901,133500,141500,5,1.5,12,PROFILE-0048,6,2
1616,231,6,3,20200901,134500,142500,5,1.4,8,PROFILE-0165,6,4
1617,231,11,3,20200901,141000,145500,5,1.4,8,PROFILE-0157,6,5
1618,231,17,3,20200901,141000,145500,5,1.4,8,PROFILE-0159,6,2
1619,231,18,3,20200901,141000,145500,5,1.4,8,PROFILE-0122,6,1
1620,231,9,3,20200901,145000,153500,5,1.4,3,PROFILE-0120,6,2
1621,231,10,3,20200901,145500,154000,5,1.4,8,PROFILE-0173,6,1
1622,231,7,3,20200901,150000,154500,5,1.4,2,PROFILE-0047,6,2
1623,231,8,3,20200901,151000,155500,5,1.4,2,PROFILE-0242,6,2
1624,231,13,3,20200901,152000,161000,5,1.4,4,PROFILE-0049,6,2
1625,231,21,3,20200901,152500,161500,5,1.4,4,PROFILE-0038,6,4
1626,231,3,3,20200901,153000,162000,5,1.4,4,PROFILE-0045,6,1
1627,232,14,3,20200902,091000,095500,5,1.4,8,PROFILE-0156,5,4
1628,232,12,3,20200902,091200,095800,5,1.4,8,PROFILE-0152,6,4
1629,232,11,3,20200902,092000,100500,5,1.4,8,PROFILE-0150,6,5
1630,232,3,3,20200902,093000,101500,5,1.6,16,PROFILE-0104,6,6
1631,232,17,3,20200902,093000,101500,5,1.6,16,PROFILE-0110,6,10
1632,232,18,3,20200902,093000,101500,5,1.6,16,PROFILE-0111,6,6
1633,232,10,3,20200902,093500,102000,5,1.4,12,PROFILE-0107,6,5
1634,232,13,3,20200902,094000,102500,5,1.4,8,PROFILE-0155,6,4
1635,NULL,NULL,3,20200902,094500,103000,5,1.4,8,PROFILE-0170,6,2
1636,232,4,3,20200902,095500,104000,5,1.6,16,PROFILE-0046,6,12
1637,232,20,3,20200902,100000,104500,5,1.4,12,PROFILE-0243,6,4
1638,232,5,3,20200902,100000,104500,5,1.6,16,PROFILE-0244,6,5
1639,232,17,3,20200902,101000,105500,5,1.4,8,PROFILE-0033,6,2
1640,232,18,3,20200902,101000,105500,5,1.4,8,PROFILE-0034,6,2
1641,232,6,3,20200902,101000,105500,5,1.4,8,PROFILE-0038,6,2
1642,NULL,NULL,3,20200902,134000,142500,5,1.4,8,PROFILE-0245,6,2
1643,232,7,3,20200902,134000,142500,5,1.4,8,PROFILE-0220,6,5
1644,232,9,3,20200902,142000,150500,5,1.4,8,PROFILE-0246,6,5
1645,232,1,3,20200902,142500,151000,5,1.4,8,PROFILE-0076,6,5
1646,232,2,3,20200902,142500,151000,5,1.4,8,PROFILE-0079,6,1
1647,233,23,3,20200902,143500,152000,5,1.6,16,PROFILE-0119,6,52
1648,233,30,3,20200902,145000,153500,5,1.4,8,PROFILE-0226,6,3
1649,233,31,3,20200902,145000,153500,5,1.4,8,PROFILE-0227,5,3
1650,233,16,3,20200902,150000,154500,5,1.4,8,PROFILE-0151,6,1
1651,233,27,3,20200902,150000,154500,5,1.4,8,PROFILE-0049,6,1
1652,233,32,3,20200902,150500,155000,5,1.4,8,PROFILE-0045,6,3
1653,233,28,3,20200902,150500,155000,5,1.4,8,PROFILE-0042,6,5
1654,233,36,3,20200902,150500,155000,5,1.4,8,PROFILE-0047,6,1
1655,233,26,3,20200902,155000,163500,5,1.4,2,PROFILE-0044,6,1
1656,233,25,3,20200902,155000,163500,5,1.4,2,PROFILE-0048,6,1
